name,smiles,aryl,core,linker,warhead,MW,logP,QED,nRot,sim_parent
gen_OCF3-p_9Me-pu_azet_acryl,C=CC(=O)N1CC2CN=c3c(ncn3C)=C(c3ccc(OC(F)(F)F)cc3)N=C21,OCF3-phenyl,9Me-purine,azetidine,acrylamide,403.4,1.15,0.722,3,0.468
gen_OCF3-p_9Me-pu_azet_cyclo,Cn1cnc2c1=NCC1CN(C(=O)C3=CCC3)C1=NC=2c1ccc(OC(F)(F)F)cc1,OCF3-phenyl,9Me-purine,azetidine,cyclobutenylamide,429.4,1.69,0.746,3,0.487
gen_OCF3-p_9Me-pu_azet_fluor,C=C(F)C(=O)N1CC2CN=c3c(ncn3C)=C(c3ccc(OC(F)(F)F)cc3)N=C21,OCF3-phenyl,9Me-purine,azetidine,fluoroacrylamide,421.4,1.45,0.557,3,0.378
gen_OCF3-p_9Me-pu_azet_cyclo,Cn1cnc2c1=NCC1CN(C(=O)C3CC3)C1=NC=2c1ccc(OC(F)(F)F)cc1,OCF3-phenyl,9Me-purine,azetidine,cyclopropanecarbonyl,417.4,1.38,0.758,3,0.373
gen_OCF3-p_9Me-pu_pyrr_acryl,C=CC(=O)N1CCC2CN=c3c(ncn3C)=C(c3ccc(OC(F)(F)F)cc3)N=C21,OCF3-phenyl,9Me-purine,pyrrolidine,acrylamide,417.4,1.54,0.712,3,0.469
gen_OCF3-p_9Me-pu_pyrr_cyclo,Cn1cnc2c1=NCC1CCN(C(=O)C3=CCC3)C1=NC=2c1ccc(OC(F)(F)F)cc1,OCF3-phenyl,9Me-purine,pyrrolidine,cyclobutenylamide,443.4,2.08,0.729,3,0.457
gen_OCF3-p_9Me-pu_pyrr_fluor,C=C(F)C(=O)N1CCC2CN=c3c(ncn3C)=C(c3ccc(OC(F)(F)F)cc3)N=C21,OCF3-phenyl,9Me-purine,pyrrolidine,fluoroacrylamide,435.4,1.84,0.546,3,0.384
gen_OCF3-p_9Me-pu_pyrr_acety,CC(=O)N1CCC2CN=c3c(ncn3C)=C(c3ccc(OC(F)(F)F)cc3)N=C21,OCF3-phenyl,9Me-purine,pyrrolidine,acetyl,405.4,1.38,0.758,2,0.386
gen_OCF3-p_9Me-pu_pyrr_cyclo,Cn1cnc2c1=NCC1CCN(C(=O)C3CC3)C1=NC=2c1ccc(OC(F)(F)F)cc1,OCF3-phenyl,9Me-purine,pyrrolidine,cyclopropanecarbonyl,431.4,1.77,0.744,3,0.376
gen_OCF3-p_9Me-pu_pipe_acryl,C=CC(=O)N1CCC2CCN=c3c(ncn3C)=C(c3ccc(OC(F)(F)F)cc3)N=C21,OCF3-phenyl,9Me-purine,piperidine,acrylamide,431.4,1.93,0.698,3,0.463
gen_OCF3-p_9Me-pu_pipe_cyclo,Cn1cnc2c1=NCCC1CCN(C(=O)C3=CCC3)C1=NC=2c1ccc(OC(F)(F)F)cc1,OCF3-phenyl,9Me-purine,piperidine,cyclobutenylamide,457.5,2.47,0.711,3,0.446
gen_OCF3-p_9Me-pu_pipe_fluor,C=C(F)C(=O)N1CCC2CCN=c3c(ncn3C)=C(c3ccc(OC(F)(F)F)cc3)N=C21,OCF3-phenyl,9Me-purine,piperidine,fluoroacrylamide,449.4,2.23,0.533,3,0.379
gen_OCF3-p_9Me-pu_pipe_propi,C#CC(=O)N1CCC2CCN=c3c(ncn3C)=C(c3ccc(OC(F)(F)F)cc3)N=C21,OCF3-phenyl,9Me-purine,piperidine,propiolamide,429.4,1.38,0.678,2,0.364
gen_OCF3-p_9Me-pu_pipe_acety,CC(=O)N1CCC2CCN=c3c(ncn3C)=C(c3ccc(OC(F)(F)F)cc3)N=C21,OCF3-phenyl,9Me-purine,piperidine,acetyl,419.4,1.77,0.745,2,0.381
gen_OCF3-p_9Me-pu_pipe_cyclo,Cn1cnc2c1=NCCC1CCN(C(=O)C3CC3)C1=NC=2c1ccc(OC(F)(F)F)cc1,OCF3-phenyl,9Me-purine,piperidine,cyclopropanecarbonyl,445.4,2.16,0.727,3,0.372
gen_OCF3-p_7-deaz_azet_acryl,C=CC(=O)N1CC2CN=c3[nH]ccc3=C(c3ccc(OC(F)(F)F)cc3)N=C21,OCF3-phenyl,7-deazapurine,azetidine,acrylamide,388.3,1.75,0.814,3,0.4
gen_OCF3-p_7-deaz_azet_cyclo,O=C(C1=CCC1)N1CC2CN=c3[nH]ccc3=C(c3ccc(OC(F)(F)F)cc3)N=C21,OCF3-phenyl,7-deazapurine,azetidine,cyclobutenylamide,414.4,2.28,0.837,3,0.402
gen_OCF3-p_7-deaz_azet_fluor,C=C(F)C(=O)N1CC2CN=c3[nH]ccc3=C(c3ccc(OC(F)(F)F)cc3)N=C21,OCF3-phenyl,7-deazapurine,azetidine,fluoroacrylamide,406.3,2.04,0.626,3,0.318
gen_OCF3-p_7-deaz_azet_propi,C#CC(=O)N1CC2CN=c3[nH]ccc3=C(c3ccc(OC(F)(F)F)cc3)N=C21,OCF3-phenyl,7-deazapurine,azetidine,propiolamide,386.3,1.19,0.788,2,0.302
gen_OCF3-p_7-deaz_azet_acety,CC(=O)N1CC2CN=c3[nH]ccc3=C(c3ccc(OC(F)(F)F)cc3)N=C21,OCF3-phenyl,7-deazapurine,azetidine,acetyl,376.3,1.58,0.865,2,0.321
gen_OCF3-p_7-deaz_azet_cyclo,O=C(C1CC1)N1CC2CN=c3[nH]ccc3=C(c3ccc(OC(F)(F)F)cc3)N=C21,OCF3-phenyl,7-deazapurine,azetidine,cyclopropanecarbonyl,402.4,1.97,0.853,3,0.306
gen_OCF3-p_7-deaz_pyrr_acryl,C=CC(=O)N1CCC2CN=c3[nH]ccc3=C(c3ccc(OC(F)(F)F)cc3)N=C21,OCF3-phenyl,7-deazapurine,pyrrolidine,acrylamide,402.4,2.14,0.8,3,0.388
gen_OCF3-p_7-deaz_pyrr_cyclo,O=C(C1=CCC1)N1CCC2CN=c3[nH]ccc3=C(c3ccc(OC(F)(F)F)cc3)N=C21,OCF3-phenyl,7-deazapurine,pyrrolidine,cyclobutenylamide,428.4,2.67,0.817,3,0.376
gen_OCF3-p_7-deaz_pyrr_fluor,C=C(F)C(=O)N1CCC2CN=c3[nH]ccc3=C(c3ccc(OC(F)(F)F)cc3)N=C21,OCF3-phenyl,7-deazapurine,pyrrolidine,fluoroacrylamide,420.4,2.43,0.612,3,0.311
gen_OCF3-p_7-deaz_pyrr_propi,C#CC(=O)N1CCC2CN=c3[nH]ccc3=C(c3ccc(OC(F)(F)F)cc3)N=C21,OCF3-phenyl,7-deazapurine,pyrrolidine,propiolamide,400.4,1.58,0.778,2,0.297
gen_OCF3-p_7-deaz_pyrr_acety,CC(=O)N1CCC2CN=c3[nH]ccc3=C(c3ccc(OC(F)(F)F)cc3)N=C21,OCF3-phenyl,7-deazapurine,pyrrolidine,acetyl,390.4,1.97,0.852,2,0.322
gen_OCF3-p_7-deaz_pyrr_cyclo,O=C(C1CC1)N1CCC2CN=c3[nH]ccc3=C(c3ccc(OC(F)(F)F)cc3)N=C21,OCF3-phenyl,7-deazapurine,pyrrolidine,cyclopropanecarbonyl,416.4,2.36,0.835,3,0.303
gen_OCF3-p_7-deaz_pipe_acryl,C=CC(=O)N1CCC2CCN=c3[nH]ccc3=C(c3ccc(OC(F)(F)F)cc3)N=C21,OCF3-phenyl,7-deazapurine,piperidine,acrylamide,416.4,2.53,0.782,3,0.384
gen_OCF3-p_7-deaz_pipe_cyclo,O=C(C1=CCC1)N1CCC2CCN=c3[nH]ccc3=C(c3ccc(OC(F)(F)F)cc3)N=C21,OCF3-phenyl,7-deazapurine,piperidine,cyclobutenylamide,442.4,3.06,0.794,3,0.368
gen_OCF3-p_7-deaz_pipe_fluor,C=C(F)C(=O)N1CCC2CCN=c3[nH]ccc3=C(c3ccc(OC(F)(F)F)cc3)N=C21,OCF3-phenyl,7-deazapurine,piperidine,fluoroacrylamide,434.4,2.82,0.596,3,0.308
gen_OCF3-p_7-deaz_pipe_propi,C#CC(=O)N1CCC2CCN=c3[nH]ccc3=C(c3ccc(OC(F)(F)F)cc3)N=C21,OCF3-phenyl,7-deazapurine,piperidine,propiolamide,414.4,1.97,0.764,2,0.293
gen_OCF3-p_7-deaz_pipe_acety,CC(=O)N1CCC2CCN=c3[nH]ccc3=C(c3ccc(OC(F)(F)F)cc3)N=C21,OCF3-phenyl,7-deazapurine,piperidine,acetyl,404.4,2.36,0.835,2,0.318
gen_OCF3-p_7-deaz_pipe_cyclo,O=C(C1CC1)N1CCC2CCN=c3[nH]ccc3=C(c3ccc(OC(F)(F)F)cc3)N=C21,OCF3-phenyl,7-deazapurine,piperidine,cyclopropanecarbonyl,430.4,2.75,0.814,3,0.3
gen_OCF3-p_thieno_azet_acryl,C=CC(=O)N1CC2CN=c3sccc3=C(c3ccc(OC(F)(F)F)cc3)N=C21,OCF3-phenyl,thienopyrimidine,azetidine,acrylamide,405.4,2.48,0.737,3,0.418
gen_OCF3-p_thieno_azet_cyclo,O=C(C1=CCC1)N1CC2CN=c3sccc3=C(c3ccc(OC(F)(F)F)cc3)N=C21,OCF3-phenyl,thienopyrimidine,azetidine,cyclobutenylamide,431.4,3.01,0.75,3,0.402
gen_OCF3-p_thieno_azet_fluor,C=C(F)C(=O)N1CC2CN=c3sccc3=C(c3ccc(OC(F)(F)F)cc3)N=C21,OCF3-phenyl,thienopyrimidine,azetidine,fluoroacrylamide,423.4,2.78,0.563,3,0.333
gen_OCF3-p_thieno_azet_propi,C#CC(=O)N1CC2CN=c3sccc3=C(c3ccc(OC(F)(F)F)cc3)N=C21,OCF3-phenyl,thienopyrimidine,azetidine,propiolamide,403.4,1.93,0.72,2,0.318
gen_OCF3-p_thieno_azet_acety,CC(=O)N1CC2CN=c3sccc3=C(c3ccc(OC(F)(F)F)cc3)N=C21,OCF3-phenyl,thienopyrimidine,azetidine,acetyl,393.4,2.31,0.786,2,0.329
gen_OCF3-p_thieno_azet_cyclo,O=C(C1CC1)N1CC2CN=c3sccc3=C(c3ccc(OC(F)(F)F)cc3)N=C21,OCF3-phenyl,thienopyrimidine,azetidine,cyclopropanecarbonyl,419.4,2.7,0.768,3,0.321
gen_OCF3-p_thieno_pyrr_acryl,C=CC(=O)N1CCC2CN=c3sccc3=C(c3ccc(OC(F)(F)F)cc3)N=C21,OCF3-phenyl,thienopyrimidine,pyrrolidine,acrylamide,419.4,2.87,0.719,3,0.39
gen_OCF3-p_thieno_pyrr_cyclo,O=C(C1=CCC1)N1CCC2CN=c3sccc3=C(c3ccc(OC(F)(F)F)cc3)N=C21,OCF3-phenyl,thienopyrimidine,pyrrolidine,cyclobutenylamide,445.5,3.4,0.727,3,0.376
gen_OCF3-p_thieno_pyrr_fluor,C=C(F)C(=O)N1CCC2CN=c3sccc3=C(c3ccc(OC(F)(F)F)cc3)N=C21,OCF3-phenyl,thienopyrimidine,pyrrolidine,fluoroacrylamide,437.4,3.17,0.547,3,0.311
gen_OCF3-p_thieno_pyrr_propi,C#CC(=O)N1CCC2CN=c3sccc3=C(c3ccc(OC(F)(F)F)cc3)N=C21,OCF3-phenyl,thienopyrimidine,pyrrolidine,propiolamide,417.4,2.32,0.705,2,0.297
gen_OCF3-p_thieno_pyrr_acety,CC(=O)N1CCC2CN=c3sccc3=C(c3ccc(OC(F)(F)F)cc3)N=C21,OCF3-phenyl,thienopyrimidine,pyrrolidine,acetyl,407.4,2.7,0.769,2,0.322
gen_OCF3-p_thieno_pyrr_cyclo,O=C(C1CC1)N1CCC2CN=c3sccc3=C(c3ccc(OC(F)(F)F)cc3)N=C21,OCF3-phenyl,thienopyrimidine,pyrrolidine,cyclopropanecarbonyl,433.5,3.09,0.747,3,0.303
gen_OCF3-p_thieno_pipe_acryl,C=CC(=O)N1CCC2CCN=c3sccc3=C(c3ccc(OC(F)(F)F)cc3)N=C21,OCF3-phenyl,thienopyrimidine,piperidine,acrylamide,433.5,3.26,0.698,3,0.386
gen_OCF3-p_thieno_pipe_cyclo,O=C(C1=CCC1)N1CCC2CCN=c3sccc3=C(c3ccc(OC(F)(F)F)cc3)N=C21,OCF3-phenyl,thienopyrimidine,piperidine,cyclobutenylamide,459.5,3.79,0.701,3,0.368
gen_OCF3-p_thieno_pipe_fluor,C=C(F)C(=O)N1CCC2CCN=c3sccc3=C(c3ccc(OC(F)(F)F)cc3)N=C21,OCF3-phenyl,thienopyrimidine,piperidine,fluoroacrylamide,451.4,3.56,0.53,3,0.308
gen_OCF3-p_thieno_pipe_propi,C#CC(=O)N1CCC2CCN=c3sccc3=C(c3ccc(OC(F)(F)F)cc3)N=C21,OCF3-phenyl,thienopyrimidine,piperidine,propiolamide,431.4,2.71,0.687,2,0.293
gen_OCF3-p_thieno_pipe_acety,CC(=O)N1CCC2CCN=c3sccc3=C(c3ccc(OC(F)(F)F)cc3)N=C21,OCF3-phenyl,thienopyrimidine,piperidine,acetyl,421.4,3.09,0.748,2,0.318
gen_OCF3-p_thieno_pipe_cyclo,O=C(C1CC1)N1CCC2CCN=c3sccc3=C(c3ccc(OC(F)(F)F)cc3)N=C21,OCF3-phenyl,thienopyrimidine,piperidine,cyclopropanecarbonyl,447.5,3.48,0.724,3,0.3
gen_CF3-ph_9Me-pu_azet_acryl,C=CC(=O)N1CC2CN=c3c(ncn3C)=C(c3ccc(C(F)(F)F)cc3)N=C21,CF3-phenyl,9Me-purine,azetidine,acrylamide,387.4,1.27,0.729,2,0.354
gen_CF3-ph_9Me-pu_azet_cyclo,Cn1cnc2c1=NCC1CN(C(=O)C3=CCC3)C1=NC=2c1ccc(C(F)(F)F)cc1,CF3-phenyl,9Me-purine,azetidine,cyclobutenylamide,413.4,1.81,0.754,2,0.373
gen_CF3-ph_9Me-pu_azet_fluor,C=C(F)C(=O)N1CC2CN=c3c(ncn3C)=C(c3ccc(C(F)(F)F)cc3)N=C21,CF3-phenyl,9Me-purine,azetidine,fluoroacrylamide,405.4,1.57,0.563,2,0.276
gen_CF3-ph_9Me-pu_azet_acety,CC(=O)N1CC2CN=c3c(ncn3C)=C(c3ccc(C(F)(F)F)cc3)N=C21,CF3-phenyl,9Me-purine,azetidine,acetyl,375.4,1.11,0.75,1,0.282
gen_CF3-ph_9Me-pu_azet_cyclo,Cn1cnc2c1=NCC1CN(C(=O)C3CC3)C1=NC=2c1ccc(C(F)(F)F)cc1,CF3-phenyl,9Me-purine,azetidine,cyclopropanecarbonyl,401.4,1.5,0.766,2,0.276
gen_CF3-ph_9Me-pu_pyrr_acryl,C=CC(=O)N1CCC2CN=c3c(ncn3C)=C(c3ccc(C(F)(F)F)cc3)N=C21,CF3-phenyl,9Me-purine,pyrrolidine,acrylamide,401.4,1.66,0.719,2,0.36
gen_CF3-ph_9Me-pu_pyrr_cyclo,Cn1cnc2c1=NCC1CCN(C(=O)C3=CCC3)C1=NC=2c1ccc(C(F)(F)F)cc1,CF3-phenyl,9Me-purine,pyrrolidine,cyclobutenylamide,427.4,2.2,0.738,2,0.349
gen_CF3-ph_9Me-pu_pyrr_fluor,C=C(F)C(=O)N1CCC2CN=c3c(ncn3C)=C(c3ccc(C(F)(F)F)cc3)N=C21,CF3-phenyl,9Me-purine,pyrrolidine,fluoroacrylamide,419.4,1.96,0.552,2,0.286
gen_CF3-ph_9Me-pu_pyrr_propi,C#CC(=O)N1CCC2CN=c3c(ncn3C)=C(c3ccc(C(F)(F)F)cc3)N=C21,CF3-phenyl,9Me-purine,pyrrolidine,propiolamide,399.4,1.11,0.675,1,0.272
gen_CF3-ph_9Me-pu_pyrr_acety,CC(=O)N1CCC2CN=c3c(ncn3C)=C(c3ccc(C(F)(F)F)cc3)N=C21,CF3-phenyl,9Me-purine,pyrrolidine,acetyl,389.4,1.5,0.742,1,0.284
gen_CF3-ph_9Me-pu_pyrr_cyclo,Cn1cnc2c1=NCC1CCN(C(=O)C3CC3)C1=NC=2c1ccc(C(F)(F)F)cc1,CF3-phenyl,9Me-purine,pyrrolidine,cyclopropanecarbonyl,415.4,1.89,0.752,2,0.278
gen_CF3-ph_9Me-pu_pipe_acryl,C=CC(=O)N1CCC2CCN=c3c(ncn3C)=C(c3ccc(C(F)(F)F)cc3)N=C21,CF3-phenyl,9Me-purine,piperidine,acrylamide,415.4,2.05,0.705,2,0.356
gen_CF3-ph_9Me-pu_pipe_cyclo,Cn1cnc2c1=NCCC1CCN(C(=O)C3=CCC3)C1=NC=2c1ccc(C(F)(F)F)cc1,CF3-phenyl,9Me-purine,piperidine,cyclobutenylamide,441.5,2.59,0.719,2,0.341
gen_CF3-ph_9Me-pu_pipe_fluor,C=C(F)C(=O)N1CCC2CCN=c3c(ncn3C)=C(c3ccc(C(F)(F)F)cc3)N=C21,CF3-phenyl,9Me-purine,piperidine,fluoroacrylamide,433.4,2.35,0.539,2,0.283
gen_CF3-ph_9Me-pu_pipe_propi,C#CC(=O)N1CCC2CCN=c3c(ncn3C)=C(c3ccc(C(F)(F)F)cc3)N=C21,CF3-phenyl,9Me-purine,piperidine,propiolamide,413.4,1.5,0.666,1,0.269
gen_CF3-ph_9Me-pu_pipe_acety,CC(=O)N1CCC2CCN=c3c(ncn3C)=C(c3ccc(C(F)(F)F)cc3)N=C21,CF3-phenyl,9Me-purine,piperidine,acetyl,403.4,1.89,0.73,1,0.281
gen_CF3-ph_9Me-pu_pipe_cyclo,Cn1cnc2c1=NCCC1CCN(C(=O)C3CC3)C1=NC=2c1ccc(C(F)(F)F)cc1,CF3-phenyl,9Me-purine,piperidine,cyclopropanecarbonyl,429.4,2.28,0.735,2,0.275
gen_CF3-ph_7-deaz_azet_acryl,C=CC(=O)N1CC2CN=c3[nH]ccc3=C(c3ccc(C(F)(F)F)cc3)N=C21,CF3-phenyl,7-deazapurine,azetidine,acrylamide,372.4,1.87,0.804,2,0.282
gen_CF3-ph_7-deaz_azet_cyclo,O=C(C1=CCC1)N1CC2CN=c3[nH]ccc3=C(c3ccc(C(F)(F)F)cc3)N=C21,CF3-phenyl,7-deazapurine,azetidine,cyclobutenylamide,398.4,2.4,0.83,2,0.287
gen_CF3-ph_7-deaz_azet_fluor,C=C(F)C(=O)N1CC2CN=c3[nH]ccc3=C(c3ccc(C(F)(F)F)cc3)N=C21,CF3-phenyl,7-deazapurine,azetidine,fluoroacrylamide,390.3,2.16,0.62,2,0.211
gen_CF3-ph_7-deaz_azet_propi,C#CC(=O)N1CC2CN=c3[nH]ccc3=C(c3ccc(C(F)(F)F)cc3)N=C21,CF3-phenyl,7-deazapurine,azetidine,propiolamide,370.3,1.31,0.756,1,0.198
gen_CF3-ph_7-deaz_azet_acety,CC(=O)N1CC2CN=c3[nH]ccc3=C(c3ccc(C(F)(F)F)cc3)N=C21,CF3-phenyl,7-deazapurine,azetidine,acetyl,360.3,1.7,0.827,1,0.213
gen_CF3-ph_7-deaz_azet_cyclo,O=C(C1CC1)N1CC2CN=c3[nH]ccc3=C(c3ccc(C(F)(F)F)cc3)N=C21,CF3-phenyl,7-deazapurine,azetidine,cyclopropanecarbonyl,386.4,2.09,0.844,2,0.202
gen_CF3-ph_7-deaz_pyrr_acryl,C=CC(=O)N1CCC2CN=c3[nH]ccc3=C(c3ccc(C(F)(F)F)cc3)N=C21,CF3-phenyl,7-deazapurine,pyrrolidine,acrylamide,386.4,2.26,0.791,2,0.278
gen_CF3-ph_7-deaz_pyrr_cyclo,O=C(C1=CCC1)N1CCC2CN=c3[nH]ccc3=C(c3ccc(C(F)(F)F)cc3)N=C21,CF3-phenyl,7-deazapurine,pyrrolidine,cyclobutenylamide,412.4,2.79,0.81,2,0.267
gen_CF3-ph_7-deaz_pyrr_fluor,C=C(F)C(=O)N1CCC2CN=c3[nH]ccc3=C(c3ccc(C(F)(F)F)cc3)N=C21,CF3-phenyl,7-deazapurine,pyrrolidine,fluoroacrylamide,404.4,2.55,0.607,2,0.211
gen_CF3-ph_7-deaz_pyrr_propi,C#CC(=O)N1CCC2CN=c3[nH]ccc3=C(c3ccc(C(F)(F)F)cc3)N=C21,CF3-phenyl,7-deazapurine,pyrrolidine,propiolamide,384.4,1.7,0.748,1,0.198
gen_CF3-ph_7-deaz_pyrr_acety,CC(=O)N1CCC2CN=c3[nH]ccc3=C(c3ccc(C(F)(F)F)cc3)N=C21,CF3-phenyl,7-deazapurine,pyrrolidine,acetyl,374.4,2.09,0.817,1,0.217
gen_CF3-ph_7-deaz_pyrr_cyclo,O=C(C1CC1)N1CCC2CN=c3[nH]ccc3=C(c3ccc(C(F)(F)F)cc3)N=C21,CF3-phenyl,7-deazapurine,pyrrolidine,cyclopropanecarbonyl,400.4,2.48,0.827,2,0.202
gen_CF3-ph_7-deaz_pipe_acryl,C=CC(=O)N1CCC2CCN=c3[nH]ccc3=C(c3ccc(C(F)(F)F)cc3)N=C21,CF3-phenyl,7-deazapurine,piperidine,acrylamide,400.4,2.65,0.775,2,0.275
gen_CF3-ph_7-deaz_pipe_cyclo,O=C(C1=CCC1)N1CCC2CCN=c3[nH]ccc3=C(c3ccc(C(F)(F)F)cc3)N=C21,CF3-phenyl,7-deazapurine,piperidine,cyclobutenylamide,426.4,3.18,0.788,2,0.261
gen_CF3-ph_7-deaz_pipe_fluor,C=C(F)C(=O)N1CCC2CCN=c3[nH]ccc3=C(c3ccc(C(F)(F)F)cc3)N=C21,CF3-phenyl,7-deazapurine,piperidine,fluoroacrylamide,418.4,2.94,0.592,2,0.208
gen_CF3-ph_7-deaz_pipe_propi,C#CC(=O)N1CCC2CCN=c3[nH]ccc3=C(c3ccc(C(F)(F)F)cc3)N=C21,CF3-phenyl,7-deazapurine,piperidine,propiolamide,398.4,2.09,0.735,1,0.196
gen_CF3-ph_7-deaz_pipe_acety,CC(=O)N1CCC2CCN=c3[nH]ccc3=C(c3ccc(C(F)(F)F)cc3)N=C21,CF3-phenyl,7-deazapurine,piperidine,acetyl,388.4,2.48,0.802,1,0.215
gen_CF3-ph_7-deaz_pipe_cyclo,O=C(C1CC1)N1CCC2CCN=c3[nH]ccc3=C(c3ccc(C(F)(F)F)cc3)N=C21,CF3-phenyl,7-deazapurine,piperidine,cyclopropanecarbonyl,414.4,2.87,0.807,2,0.2
gen_CF3-ph_thieno_azet_acryl,C=CC(=O)N1CC2CN=c3sccc3=C(c3ccc(C(F)(F)F)cc3)N=C21,CF3-phenyl,thienopyrimidine,azetidine,acrylamide,389.4,2.6,0.729,2,0.298
gen_CF3-ph_thieno_azet_cyclo,O=C(C1=CCC1)N1CC2CN=c3sccc3=C(c3ccc(C(F)(F)F)cc3)N=C21,CF3-phenyl,thienopyrimidine,azetidine,cyclobutenylamide,415.4,3.13,0.743,2,0.287
gen_CF3-ph_thieno_azet_fluor,C=C(F)C(=O)N1CC2CN=c3sccc3=C(c3ccc(C(F)(F)F)cc3)N=C21,CF3-phenyl,thienopyrimidine,azetidine,fluoroacrylamide,407.4,2.9,0.558,2,0.225
gen_CF3-ph_thieno_azet_propi,C#CC(=O)N1CC2CN=c3sccc3=C(c3ccc(C(F)(F)F)cc3)N=C21,CF3-phenyl,thienopyrimidine,azetidine,propiolamide,387.4,2.05,0.691,1,0.211
gen_CF3-ph_thieno_azet_acety,CC(=O)N1CC2CN=c3sccc3=C(c3ccc(C(F)(F)F)cc3)N=C21,CF3-phenyl,thienopyrimidine,azetidine,acetyl,377.4,2.43,0.753,1,0.218
gen_CF3-ph_thieno_azet_cyclo,O=C(C1CC1)N1CC2CN=c3sccc3=C(c3ccc(C(F)(F)F)cc3)N=C21,CF3-phenyl,thienopyrimidine,azetidine,cyclopropanecarbonyl,403.4,2.82,0.761,2,0.216
gen_CF3-ph_thieno_pyrr_acryl,C=CC(=O)N1CCC2CN=c3sccc3=C(c3ccc(C(F)(F)F)cc3)N=C21,CF3-phenyl,thienopyrimidine,pyrrolidine,acrylamide,403.4,2.99,0.711,2,0.278
gen_CF3-ph_thieno_pyrr_cyclo,O=C(C1=CCC1)N1CCC2CN=c3sccc3=C(c3ccc(C(F)(F)F)cc3)N=C21,CF3-phenyl,thienopyrimidine,pyrrolidine,cyclobutenylamide,429.5,3.52,0.721,2,0.267
gen_CF3-ph_thieno_pyrr_fluor,C=C(F)C(=O)N1CCC2CN=c3sccc3=C(c3ccc(C(F)(F)F)cc3)N=C21,CF3-phenyl,thienopyrimidine,pyrrolidine,fluoroacrylamide,421.4,3.29,0.542,2,0.211
gen_CF3-ph_thieno_pyrr_propi,C#CC(=O)N1CCC2CN=c3sccc3=C(c3ccc(C(F)(F)F)cc3)N=C21,CF3-phenyl,thienopyrimidine,pyrrolidine,propiolamide,401.4,2.44,0.677,1,0.198
gen_CF3-ph_thieno_pyrr_acety,CC(=O)N1CCC2CN=c3sccc3=C(c3ccc(C(F)(F)F)cc3)N=C21,CF3-phenyl,thienopyrimidine,pyrrolidine,acetyl,391.4,2.82,0.737,1,0.217
gen_CF3-ph_thieno_pyrr_cyclo,O=C(C1CC1)N1CCC2CN=c3sccc3=C(c3ccc(C(F)(F)F)cc3)N=C21,CF3-phenyl,thienopyrimidine,pyrrolidine,cyclopropanecarbonyl,417.5,3.21,0.74,2,0.202
gen_CF3-ph_thieno_pipe_acryl,C=CC(=O)N1CCC2CCN=c3sccc3=C(c3ccc(C(F)(F)F)cc3)N=C21,CF3-phenyl,thienopyrimidine,piperidine,acrylamide,417.5,3.38,0.691,2,0.275
gen_CF3-ph_thieno_pipe_cyclo,O=C(C1=CCC1)N1CCC2CCN=c3sccc3=C(c3ccc(C(F)(F)F)cc3)N=C21,CF3-phenyl,thienopyrimidine,piperidine,cyclobutenylamide,443.5,3.91,0.694,2,0.261
gen_CF3-ph_thieno_pipe_fluor,C=C(F)C(=O)N1CCC2CCN=c3sccc3=C(c3ccc(C(F)(F)F)cc3)N=C21,CF3-phenyl,thienopyrimidine,piperidine,fluoroacrylamide,435.4,3.68,0.524,2,0.208
gen_CF3-ph_thieno_pipe_propi,C#CC(=O)N1CCC2CCN=c3sccc3=C(c3ccc(C(F)(F)F)cc3)N=C21,CF3-phenyl,thienopyrimidine,piperidine,propiolamide,415.4,2.83,0.661,1,0.196
gen_CF3-ph_thieno_pipe_acety,CC(=O)N1CCC2CCN=c3sccc3=C(c3ccc(C(F)(F)F)cc3)N=C21,CF3-phenyl,thienopyrimidine,piperidine,acetyl,405.4,3.21,0.719,1,0.215
gen_CF3-ph_thieno_pipe_cyclo,O=C(C1CC1)N1CCC2CCN=c3sccc3=C(c3ccc(C(F)(F)F)cc3)N=C21,CF3-phenyl,thienopyrimidine,piperidine,cyclopropanecarbonyl,431.5,3.6,0.717,2,0.2
gen_CN-phe_9Me-pu_pyrr_cyclo,Cn1cnc2c1=NCC1CCN(C(=O)C3=CCC3)C1=NC=2c1ccc(C#N)cc1,CN-phenyl,9Me-purine,pyrrolidine,cyclobutenylamide,384.4,1.05,0.775,2,0.303
gen_CN-phe_9Me-pu_pipe_cyclo,Cn1cnc2c1=NCCC1CCN(C(=O)C3=CCC3)C1=NC=2c1ccc(C#N)cc1,CN-phenyl,9Me-purine,piperidine,cyclobutenylamide,398.5,1.44,0.767,2,0.297
gen_CN-phe_9Me-pu_pipe_fluor,C=C(F)C(=O)N1CCC2CCN=c3c(ncn3C)=C(c3ccc(C#N)cc3)N=C21,CN-phenyl,9Me-purine,piperidine,fluoroacrylamide,390.4,1.2,0.722,2,0.253
gen_CN-phe_9Me-pu_pipe_cyclo,Cn1cnc2c1=NCCC1CCN(C(=O)C3CC3)C1=NC=2c1ccc(C#N)cc1,CN-phenyl,9Me-purine,piperidine,cyclopropanecarbonyl,386.5,1.13,0.775,2,0.234
gen_CN-phe_7-deaz_azet_cyclo,N#Cc1ccc(C2=c3cc[nH]c3=NCC3CN(C(=O)C4=CCC4)C3=N2)cc1,CN-phenyl,7-deazapurine,azetidine,cyclobutenylamide,355.4,1.25,0.879,2,0.244
gen_CN-phe_7-deaz_azet_fluor,C=C(F)C(=O)N1CC2CN=c3[nH]ccc3=C(c3ccc(C#N)cc3)N=C21,CN-phenyl,7-deazapurine,azetidine,fluoroacrylamide,347.4,1.02,0.823,2,0.183
gen_CN-phe_7-deaz_pyrr_acryl,C=CC(=O)N1CCC2CN=c3[nH]ccc3=C(c3ccc(C#N)cc3)N=C21,CN-phenyl,7-deazapurine,pyrrolidine,acrylamide,343.4,1.11,0.829,2,0.237
gen_CN-phe_7-deaz_pyrr_cyclo,N#Cc1ccc(C2=c3cc[nH]c3=NCC3CCN(C(=O)C4=CCC4)C3=N2)cc1,CN-phenyl,7-deazapurine,pyrrolidine,cyclobutenylamide,369.4,1.64,0.873,2,0.226
gen_CN-phe_7-deaz_pyrr_fluor,C=C(F)C(=O)N1CCC2CN=c3[nH]ccc3=C(c3ccc(C#N)cc3)N=C21,CN-phenyl,7-deazapurine,pyrrolidine,fluoroacrylamide,361.4,1.41,0.82,2,0.184
gen_CN-phe_7-deaz_pyrr_cyclo,N#Cc1ccc(C2=c3cc[nH]c3=NCC3CCN(C(=O)C4CC4)C3=N2)cc1,CN-phenyl,7-deazapurine,pyrrolidine,cyclopropanecarbonyl,357.4,1.33,0.879,2,0.165
gen_CN-phe_7-deaz_pipe_acryl,C=CC(=O)N1CCC2CCN=c3[nH]ccc3=C(c3ccc(C#N)cc3)N=C21,CN-phenyl,7-deazapurine,piperidine,acrylamide,357.4,1.5,0.826,2,0.234
gen_CN-phe_7-deaz_pipe_cyclo,N#Cc1ccc(C2=c3cc[nH]c3=NCCC3CCN(C(=O)C4=CCC4)C3=N2)cc1,CN-phenyl,7-deazapurine,piperidine,cyclobutenylamide,383.5,2.03,0.861,2,0.221
gen_CN-phe_7-deaz_pipe_fluor,C=C(F)C(=O)N1CCC2CCN=c3[nH]ccc3=C(c3ccc(C#N)cc3)N=C21,CN-phenyl,7-deazapurine,piperidine,fluoroacrylamide,375.4,1.8,0.812,2,0.182
gen_CN-phe_7-deaz_pipe_acety,CC(=O)N1CCC2CCN=c3[nH]ccc3=C(c3ccc(C#N)cc3)N=C21,CN-phenyl,7-deazapurine,piperidine,acetyl,345.4,1.33,0.846,1,0.177
gen_CN-phe_7-deaz_pipe_cyclo,N#Cc1ccc(C2=c3cc[nH]c3=NCCC3CCN(C(=O)C4CC4)C3=N2)cc1,CN-phenyl,7-deazapurine,piperidine,cyclopropanecarbonyl,371.4,1.72,0.872,2,0.163
gen_CN-phe_thieno_azet_acryl,C=CC(=O)N1CC2CN=c3sccc3=C(c3ccc(C#N)cc3)N=C21,CN-phenyl,thienopyrimidine,azetidine,acrylamide,346.4,1.45,0.773,2,0.253
gen_CN-phe_thieno_azet_cyclo,N#Cc1ccc(C2=c3ccsc3=NCC3CN(C(=O)C4=CCC4)C3=N2)cc1,CN-phenyl,thienopyrimidine,azetidine,cyclobutenylamide,372.5,1.99,0.809,2,0.244
gen_CN-phe_thieno_azet_fluor,C=C(F)C(=O)N1CC2CN=c3sccc3=C(c3ccc(C#N)cc3)N=C21,CN-phenyl,thienopyrimidine,azetidine,fluoroacrylamide,364.4,1.75,0.762,2,0.196
gen_CN-phe_thieno_azet_acety,CC(=O)N1CC2CN=c3sccc3=C(c3ccc(C#N)cc3)N=C21,CN-phenyl,thienopyrimidine,azetidine,acetyl,334.4,1.29,0.788,1,0.178
gen_CN-phe_thieno_azet_cyclo,N#Cc1ccc(C2=c3ccsc3=NCC3CN(C(=O)C4CC4)C3=N2)cc1,CN-phenyl,thienopyrimidine,azetidine,cyclopropanecarbonyl,360.4,1.68,0.818,2,0.174
gen_CN-phe_thieno_pyrr_acryl,C=CC(=O)N1CCC2CN=c3sccc3=C(c3ccc(C#N)cc3)N=C21,CN-phenyl,thienopyrimidine,pyrrolidine,acrylamide,360.4,1.84,0.767,2,0.237
gen_CN-phe_thieno_pyrr_cyclo,N#Cc1ccc(C2=c3ccsc3=NCC3CCN(C(=O)C4=CCC4)C3=N2)cc1,CN-phenyl,thienopyrimidine,pyrrolidine,cyclobutenylamide,386.5,2.38,0.795,2,0.226
gen_CN-phe_thieno_pyrr_fluor,C=C(F)C(=O)N1CCC2CN=c3sccc3=C(c3ccc(C#N)cc3)N=C21,CN-phenyl,thienopyrimidine,pyrrolidine,fluoroacrylamide,378.4,2.14,0.752,2,0.184
gen_CN-phe_thieno_pyrr_propi,C#CC(=O)N1CCC2CN=c3sccc3=C(c3ccc(C#N)cc3)N=C21,CN-phenyl,thienopyrimidine,pyrrolidine,propiolamide,358.4,1.29,0.721,1,0.163
gen_CN-phe_thieno_pyrr_acety,CC(=O)N1CCC2CN=c3sccc3=C(c3ccc(C#N)cc3)N=C21,CN-phenyl,thienopyrimidine,pyrrolidine,acetyl,348.4,1.68,0.787,1,0.179
gen_CN-phe_thieno_pyrr_cyclo,N#Cc1ccc(C2=c3ccsc3=NCC3CCN(C(=O)C4CC4)C3=N2)cc1,CN-phenyl,thienopyrimidine,pyrrolidine,cyclopropanecarbonyl,374.5,2.07,0.807,2,0.165
gen_CN-phe_thieno_pipe_acryl,C=CC(=O)N1CCC2CCN=c3sccc3=C(c3ccc(C#N)cc3)N=C21,CN-phenyl,thienopyrimidine,piperidine,acrylamide,374.5,2.23,0.757,2,0.234
gen_CN-phe_thieno_pipe_cyclo,N#Cc1ccc(C2=c3ccsc3=NCCC3CCN(C(=O)C4=CCC4)C3=N2)cc1,CN-phenyl,thienopyrimidine,piperidine,cyclobutenylamide,400.5,2.77,0.778,2,0.221
gen_CN-phe_thieno_pipe_fluor,C=C(F)C(=O)N1CCC2CCN=c3sccc3=C(c3ccc(C#N)cc3)N=C21,CN-phenyl,thienopyrimidine,piperidine,fluoroacrylamide,392.5,2.53,0.737,2,0.182
gen_CN-phe_thieno_pipe_propi,C#CC(=O)N1CCC2CCN=c3sccc3=C(c3ccc(C#N)cc3)N=C21,CN-phenyl,thienopyrimidine,piperidine,propiolamide,372.5,1.68,0.715,1,0.162
gen_CN-phe_thieno_pipe_acety,CC(=O)N1CCC2CCN=c3sccc3=C(c3ccc(C#N)cc3)N=C21,CN-phenyl,thienopyrimidine,piperidine,acetyl,362.5,2.07,0.779,1,0.177
gen_CN-phe_thieno_pipe_cyclo,N#Cc1ccc(C2=c3ccsc3=NCCC3CCN(C(=O)C4CC4)C3=N2)cc1,CN-phenyl,thienopyrimidine,piperidine,cyclopropanecarbonyl,388.5,2.46,0.793,2,0.163
"gen_Cl,F-p_9Me-pu_azet_acryl",C=CC(=O)N1CC2CN=c3c(ncn3C)=C(c3ccc(F)c(Cl)c3)N=C21,"Cl,F-phenyl",9Me-purine,azetidine,acrylamide,371.8,1.05,0.741,2,0.31
"gen_Cl,F-p_9Me-pu_azet_cyclo",Cn1cnc2c1=NCC1CN(C(=O)C3=CCC3)C1=NC=2c1ccc(F)c(Cl)c1,"Cl,F-phenyl",9Me-purine,azetidine,cyclobutenylamide,397.8,1.58,0.772,2,0.33
"gen_Cl,F-p_9Me-pu_azet_fluor",C=C(F)C(=O)N1CC2CN=c3c(ncn3C)=C(c3ccc(F)c(Cl)c3)N=C21,"Cl,F-phenyl",9Me-purine,azetidine,fluoroacrylamide,389.8,1.34,0.728,2,0.239
"gen_Cl,F-p_9Me-pu_azet_cyclo",Cn1cnc2c1=NCC1CN(C(=O)C3CC3)C1=NC=2c1ccc(F)c(Cl)c1,"Cl,F-phenyl",9Me-purine,azetidine,cyclopropanecarbonyl,385.8,1.27,0.781,2,0.237
"gen_Cl,F-p_9Me-pu_pyrr_acryl",C=CC(=O)N1CCC2CN=c3c(ncn3C)=C(c3ccc(F)c(Cl)c3)N=C21,"Cl,F-phenyl",9Me-purine,pyrrolidine,acrylamide,385.8,1.44,0.734,2,0.319
"gen_Cl,F-p_9Me-pu_pyrr_cyclo",Cn1cnc2c1=NCC1CCN(C(=O)C3=CCC3)C1=NC=2c1ccc(F)c(Cl)c1,"Cl,F-phenyl",9Me-purine,pyrrolidine,cyclobutenylamide,411.9,1.97,0.758,2,0.308
"gen_Cl,F-p_9Me-pu_pyrr_fluor",C=C(F)C(=O)N1CCC2CN=c3c(ncn3C)=C(c3ccc(F)c(Cl)c3)N=C21,"Cl,F-phenyl",9Me-purine,pyrrolidine,fluoroacrylamide,403.8,1.73,0.717,2,0.25
"gen_Cl,F-p_9Me-pu_pyrr_acety",CC(=O)N1CCC2CN=c3c(ncn3C)=C(c3ccc(F)c(Cl)c3)N=C21,"Cl,F-phenyl",9Me-purine,pyrrolidine,acetyl,373.8,1.27,0.755,1,0.247
"gen_Cl,F-p_9Me-pu_pyrr_cyclo",Cn1cnc2c1=NCC1CCN(C(=O)C3CC3)C1=NC=2c1ccc(F)c(Cl)c1,"Cl,F-phenyl",9Me-purine,pyrrolidine,cyclopropanecarbonyl,399.9,1.66,0.771,2,0.242
"gen_Cl,F-p_9Me-pu_pipe_acryl",C=CC(=O)N1CCC2CCN=c3c(ncn3C)=C(c3ccc(F)c(Cl)c3)N=C21,"Cl,F-phenyl",9Me-purine,piperidine,acrylamide,399.9,1.83,0.723,2,0.315
"gen_Cl,F-p_9Me-pu_pipe_cyclo",Cn1cnc2c1=NCCC1CCN(C(=O)C3=CCC3)C1=NC=2c1ccc(F)c(Cl)c1,"Cl,F-phenyl",9Me-purine,piperidine,cyclobutenylamide,425.9,2.36,0.741,2,0.301
"gen_Cl,F-p_9Me-pu_pipe_fluor",C=C(F)C(=O)N1CCC2CCN=c3c(ncn3C)=C(c3ccc(F)c(Cl)c3)N=C21,"Cl,F-phenyl",9Me-purine,piperidine,fluoroacrylamide,417.8,2.12,0.703,2,0.247
"gen_Cl,F-p_9Me-pu_pipe_propi",C#CC(=O)N1CCC2CCN=c3c(ncn3C)=C(c3ccc(F)c(Cl)c3)N=C21,"Cl,F-phenyl",9Me-purine,piperidine,propiolamide,397.8,1.27,0.68,1,0.235
"gen_Cl,F-p_9Me-pu_pipe_acety",CC(=O)N1CCC2CCN=c3c(ncn3C)=C(c3ccc(F)c(Cl)c3)N=C21,"Cl,F-phenyl",9Me-purine,piperidine,acetyl,387.8,1.66,0.747,1,0.245
"gen_Cl,F-p_9Me-pu_pipe_cyclo",Cn1cnc2c1=NCCC1CCN(C(=O)C3CC3)C1=NC=2c1ccc(F)c(Cl)c1,"Cl,F-phenyl",9Me-purine,piperidine,cyclopropanecarbonyl,413.9,2.05,0.756,2,0.24
"gen_Cl,F-p_7-deaz_azet_acryl",C=CC(=O)N1CC2CN=c3[nH]ccc3=C(c3ccc(F)c(Cl)c3)N=C21,"Cl,F-phenyl",7-deazapurine,azetidine,acrylamide,356.8,1.64,0.817,2,0.244
"gen_Cl,F-p_7-deaz_azet_cyclo",O=C(C1=CCC1)N1CC2CN=c3[nH]ccc3=C(c3ccc(F)c(Cl)c3)N=C21,"Cl,F-phenyl",7-deazapurine,azetidine,cyclobutenylamide,382.8,2.17,0.85,2,0.25
"gen_Cl,F-p_7-deaz_azet_fluor",C=C(F)C(=O)N1CC2CN=c3[nH]ccc3=C(c3ccc(F)c(Cl)c3)N=C21,"Cl,F-phenyl",7-deazapurine,azetidine,fluoroacrylamide,374.8,1.94,0.802,2,0.179
"gen_Cl,F-p_7-deaz_azet_propi",C#CC(=O)N1CC2CN=c3[nH]ccc3=C(c3ccc(F)c(Cl)c3)N=C21,"Cl,F-phenyl",7-deazapurine,azetidine,propiolamide,354.8,1.09,0.766,1,0.167
"gen_Cl,F-p_7-deaz_azet_acety",CC(=O)N1CC2CN=c3[nH]ccc3=C(c3ccc(F)c(Cl)c3)N=C21,"Cl,F-phenyl",7-deazapurine,azetidine,acetyl,344.8,1.47,0.836,1,0.181
"gen_Cl,F-p_7-deaz_azet_cyclo",O=C(C1CC1)N1CC2CN=c3[nH]ccc3=C(c3ccc(F)c(Cl)c3)N=C21,"Cl,F-phenyl",7-deazapurine,azetidine,cyclopropanecarbonyl,370.8,1.86,0.861,2,0.168
"gen_Cl,F-p_7-deaz_pyrr_acryl",C=CC(=O)N1CCC2CN=c3[nH]ccc3=C(c3ccc(F)c(Cl)c3)N=C21,"Cl,F-phenyl",7-deazapurine,pyrrolidine,acrylamide,370.8,2.03,0.808,2,0.242
"gen_Cl,F-p_7-deaz_pyrr_cyclo",O=C(C1=CCC1)N1CCC2CN=c3[nH]ccc3=C(c3ccc(F)c(Cl)c3)N=C21,"Cl,F-phenyl",7-deazapurine,pyrrolidine,cyclobutenylamide,396.9,2.56,0.833,2,0.232
"gen_Cl,F-p_7-deaz_pyrr_fluor",C=C(F)C(=O)N1CCC2CN=c3[nH]ccc3=C(c3ccc(F)c(Cl)c3)N=C21,"Cl,F-phenyl",7-deazapurine,pyrrolidine,fluoroacrylamide,388.8,2.33,0.789,2,0.18
"gen_Cl,F-p_7-deaz_pyrr_propi",C#CC(=O)N1CCC2CN=c3[nH]ccc3=C(c3ccc(F)c(Cl)c3)N=C21,"Cl,F-phenyl",7-deazapurine,pyrrolidine,propiolamide,368.8,1.48,0.761,1,0.168
"gen_Cl,F-p_7-deaz_pyrr_acety",CC(=O)N1CCC2CN=c3[nH]ccc3=C(c3ccc(F)c(Cl)c3)N=C21,"Cl,F-phenyl",7-deazapurine,pyrrolidine,acetyl,358.8,1.86,0.831,1,0.186
"gen_Cl,F-p_7-deaz_pyrr_cyclo",O=C(C1CC1)N1CCC2CN=c3[nH]ccc3=C(c3ccc(F)c(Cl)c3)N=C21,"Cl,F-phenyl",7-deazapurine,pyrrolidine,cyclopropanecarbonyl,384.8,2.25,0.848,2,0.172
"gen_Cl,F-p_7-deaz_pipe_acryl",C=CC(=O)N1CCC2CCN=c3[nH]ccc3=C(c3ccc(F)c(Cl)c3)N=C21,"Cl,F-phenyl",7-deazapurine,piperidine,acrylamide,384.8,2.42,0.794,2,0.24
"gen_Cl,F-p_7-deaz_pipe_cyclo",O=C(C1=CCC1)N1CCC2CCN=c3[nH]ccc3=C(c3ccc(F)c(Cl)c3)N=C21,"Cl,F-phenyl",7-deazapurine,piperidine,cyclobutenylamide,410.9,2.95,0.813,2,0.227
"gen_Cl,F-p_7-deaz_pipe_fluor",C=C(F)C(=O)N1CCC2CCN=c3[nH]ccc3=C(c3ccc(F)c(Cl)c3)N=C21,"Cl,F-phenyl",7-deazapurine,piperidine,fluoroacrylamide,402.8,2.72,0.771,2,0.178
"gen_Cl,F-p_7-deaz_pipe_propi",C#CC(=O)N1CCC2CCN=c3[nH]ccc3=C(c3ccc(F)c(Cl)c3)N=C21,"Cl,F-phenyl",7-deazapurine,piperidine,propiolamide,382.8,1.87,0.752,1,0.167
"gen_Cl,F-p_7-deaz_pipe_acety",CC(=O)N1CCC2CCN=c3[nH]ccc3=C(c3ccc(F)c(Cl)c3)N=C21,"Cl,F-phenyl",7-deazapurine,piperidine,acetyl,372.8,2.25,0.82,1,0.184
"gen_Cl,F-p_7-deaz_pipe_cyclo",O=C(C1CC1)N1CCC2CCN=c3[nH]ccc3=C(c3ccc(F)c(Cl)c3)N=C21,"Cl,F-phenyl",7-deazapurine,piperidine,cyclopropanecarbonyl,398.9,2.64,0.83,2,0.17
"gen_Cl,F-p_thieno_azet_acryl",C=CC(=O)N1CC2CN=c3sccc3=C(c3ccc(F)c(Cl)c3)N=C21,"Cl,F-phenyl",thienopyrimidine,azetidine,acrylamide,373.8,2.37,0.745,2,0.258
"gen_Cl,F-p_thieno_azet_cyclo",O=C(C1=CCC1)N1CC2CN=c3sccc3=C(c3ccc(F)c(Cl)c3)N=C21,"Cl,F-phenyl",thienopyrimidine,azetidine,cyclobutenylamide,399.9,2.91,0.765,2,0.25
"gen_Cl,F-p_thieno_azet_fluor",C=C(F)C(=O)N1CC2CN=c3sccc3=C(c3ccc(F)c(Cl)c3)N=C21,"Cl,F-phenyl",thienopyrimidine,azetidine,fluoroacrylamide,391.8,2.67,0.726,2,0.191
"gen_Cl,F-p_thieno_azet_propi",C#CC(=O)N1CC2CN=c3sccc3=C(c3ccc(F)c(Cl)c3)N=C21,"Cl,F-phenyl",thienopyrimidine,azetidine,propiolamide,371.8,1.82,0.705,1,0.179
"gen_Cl,F-p_thieno_azet_acety",CC(=O)N1CC2CN=c3sccc3=C(c3ccc(F)c(Cl)c3)N=C21,"Cl,F-phenyl",thienopyrimidine,azetidine,acetyl,361.8,2.21,0.768,1,0.185
"gen_Cl,F-p_thieno_azet_cyclo",O=C(C1CC1)N1CC2CN=c3sccc3=C(c3ccc(F)c(Cl)c3)N=C21,"Cl,F-phenyl",thienopyrimidine,azetidine,cyclopropanecarbonyl,387.9,2.6,0.781,2,0.181
"gen_Cl,F-p_thieno_pyrr_acryl",C=CC(=O)N1CCC2CN=c3sccc3=C(c3ccc(F)c(Cl)c3)N=C21,"Cl,F-phenyl",thienopyrimidine,pyrrolidine,acrylamide,387.9,2.76,0.731,2,0.242
"gen_Cl,F-p_thieno_pyrr_cyclo",O=C(C1=CCC1)N1CCC2CN=c3sccc3=C(c3ccc(F)c(Cl)c3)N=C21,"Cl,F-phenyl",thienopyrimidine,pyrrolidine,cyclobutenylamide,413.9,3.3,0.745,2,0.232
"gen_Cl,F-p_thieno_pyrr_fluor",C=C(F)C(=O)N1CCC2CN=c3sccc3=C(c3ccc(F)c(Cl)c3)N=C21,"Cl,F-phenyl",thienopyrimidine,pyrrolidine,fluoroacrylamide,405.9,3.06,0.708,2,0.18
"gen_Cl,F-p_thieno_pyrr_propi",C#CC(=O)N1CCC2CN=c3sccc3=C(c3ccc(F)c(Cl)c3)N=C21,"Cl,F-phenyl",thienopyrimidine,pyrrolidine,propiolamide,385.9,2.21,0.694,1,0.168
"gen_Cl,F-p_thieno_pyrr_acety",CC(=O)N1CCC2CN=c3sccc3=C(c3ccc(F)c(Cl)c3)N=C21,"Cl,F-phenyl",thienopyrimidine,pyrrolidine,acetyl,375.9,2.6,0.755,1,0.186
"gen_Cl,F-p_thieno_pyrr_cyclo",O=C(C1CC1)N1CCC2CN=c3sccc3=C(c3ccc(F)c(Cl)c3)N=C21,"Cl,F-phenyl",thienopyrimidine,pyrrolidine,cyclopropanecarbonyl,401.9,2.99,0.763,2,0.172
"gen_Cl,F-p_thieno_pipe_acryl",C=CC(=O)N1CCC2CCN=c3sccc3=C(c3ccc(F)c(Cl)c3)N=C21,"Cl,F-phenyl",thienopyrimidine,piperidine,acrylamide,401.9,3.15,0.713,2,0.24
"gen_Cl,F-p_thieno_pipe_cyclo",O=C(C1=CCC1)N1CCC2CCN=c3sccc3=C(c3ccc(F)c(Cl)c3)N=C21,"Cl,F-phenyl",thienopyrimidine,piperidine,cyclobutenylamide,427.9,3.69,0.721,2,0.227
"gen_Cl,F-p_thieno_pipe_fluor",C=C(F)C(=O)N1CCC2CCN=c3sccc3=C(c3ccc(F)c(Cl)c3)N=C21,"Cl,F-phenyl",thienopyrimidine,piperidine,fluoroacrylamide,419.9,3.45,0.688,2,0.178
"gen_Cl,F-p_thieno_pipe_propi",C#CC(=O)N1CCC2CCN=c3sccc3=C(c3ccc(F)c(Cl)c3)N=C21,"Cl,F-phenyl",thienopyrimidine,piperidine,propiolamide,399.9,2.6,0.68,1,0.167
"gen_Cl,F-p_thieno_pipe_acety",CC(=O)N1CCC2CCN=c3sccc3=C(c3ccc(F)c(Cl)c3)N=C21,"Cl,F-phenyl",thienopyrimidine,piperidine,acetyl,389.9,2.99,0.739,1,0.184
"gen_Cl,F-p_thieno_pipe_cyclo",O=C(C1CC1)N1CCC2CCN=c3sccc3=C(c3ccc(F)c(Cl)c3)N=C21,"Cl,F-phenyl",thienopyrimidine,piperidine,cyclopropanecarbonyl,415.9,3.38,0.741,2,0.17
gen_SF5-ph_9Me-pu_azet_acryl,C=CC(=O)N1CC2CN=c3c(ncn3C)=C(c3ccc(S(F)(F)(F)(F)F)cc3)N=C21,SF5-phenyl,9Me-purine,azetidine,acrylamide,445.4,2.91,0.539,3,0.321
gen_SF5-ph_9Me-pu_azet_cyclo,Cn1cnc2c1=NCC1CN(C(=O)C3=CCC3)C1=NC=2c1ccc(S(F)(F)(F)(F)F)cc1,SF5-phenyl,9Me-purine,azetidine,cyclobutenylamide,471.5,3.44,0.644,3,0.341
gen_SF5-ph_9Me-pu_azet_fluor,C=C(F)C(=O)N1CC2CN=c3c(ncn3C)=C(c3ccc(S(F)(F)(F)(F)F)cc3)N=C21,SF5-phenyl,9Me-purine,azetidine,fluoroacrylamide,463.4,3.21,0.519,3,0.247
gen_SF5-ph_9Me-pu_azet_propi,C#CC(=O)N1CC2CN=c3c(ncn3C)=C(c3ccc(S(F)(F)(F)(F)F)cc3)N=C21,SF5-phenyl,9Me-purine,azetidine,propiolamide,443.4,2.36,0.529,2,0.242
gen_SF5-ph_9Me-pu_azet_acety,CC(=O)N1CC2CN=c3c(ncn3C)=C(c3ccc(S(F)(F)(F)(F)F)cc3)N=C21,SF5-phenyl,9Me-purine,azetidine,acetyl,433.4,2.74,0.684,2,0.253
gen_SF5-ph_9Me-pu_azet_cyclo,Cn1cnc2c1=NCC1CN(C(=O)C3CC3)C1=NC=2c1ccc(S(F)(F)(F)(F)F)cc1,SF5-phenyl,9Me-purine,azetidine,cyclopropanecarbonyl,459.4,3.13,0.663,3,0.244
gen_SF5-ph_9Me-pu_pyrr_acryl,C=CC(=O)N1CCC2CN=c3c(ncn3C)=C(c3ccc(S(F)(F)(F)(F)F)cc3)N=C21,SF5-phenyl,9Me-purine,pyrrolidine,acrylamide,459.4,3.3,0.522,3,0.33
gen_SF5-ph_9Me-pu_pyrr_cyclo,Cn1cnc2c1=NCC1CCN(C(=O)C3=CCC3)C1=NC=2c1ccc(S(F)(F)(F)(F)F)cc1,SF5-phenyl,9Me-purine,pyrrolidine,cyclobutenylamide,485.5,3.83,0.621,3,0.318
gen_SF5-ph_9Me-pu_pyrr_fluor,C=C(F)C(=O)N1CCC2CN=c3c(ncn3C)=C(c3ccc(S(F)(F)(F)(F)F)cc3)N=C21,SF5-phenyl,9Me-purine,pyrrolidine,fluoroacrylamide,477.4,3.6,0.501,3,0.258
gen_SF5-ph_9Me-pu_pyrr_propi,C#CC(=O)N1CCC2CN=c3c(ncn3C)=C(c3ccc(S(F)(F)(F)(F)F)cc3)N=C21,SF5-phenyl,9Me-purine,pyrrolidine,propiolamide,457.4,2.75,0.514,2,0.245
gen_SF5-ph_9Me-pu_pyrr_acety,CC(=O)N1CCC2CN=c3c(ncn3C)=C(c3ccc(S(F)(F)(F)(F)F)cc3)N=C21,SF5-phenyl,9Me-purine,pyrrolidine,acetyl,447.4,3.13,0.665,2,0.256
gen_SF5-ph_9Me-pu_pyrr_cyclo,Cn1cnc2c1=NCC1CCN(C(=O)C3CC3)C1=NC=2c1ccc(S(F)(F)(F)(F)F)cc1,SF5-phenyl,9Me-purine,pyrrolidine,cyclopropanecarbonyl,473.5,3.52,0.641,3,0.25
gen_SF5-ph_9Me-pu_pipe_acryl,C=CC(=O)N1CCC2CCN=c3c(ncn3C)=C(c3ccc(S(F)(F)(F)(F)F)cc3)N=C21,SF5-phenyl,9Me-purine,piperidine,acrylamide,473.5,3.69,0.504,3,0.326
gen_SF5-ph_9Me-pu_pipe_cyclo,Cn1cnc2c1=NCCC1CCN(C(=O)C3=CCC3)C1=NC=2c1ccc(S(F)(F)(F)(F)F)cc1,SF5-phenyl,9Me-purine,piperidine,cyclobutenylamide,499.5,4.22,0.594,3,0.311
gen_SF5-ph_9Me-pu_pipe_fluor,C=C(F)C(=O)N1CCC2CCN=c3c(ncn3C)=C(c3ccc(S(F)(F)(F)(F)F)cc3)N=C21,SF5-phenyl,9Me-purine,piperidine,fluoroacrylamide,491.5,3.99,0.482,3,0.255
gen_SF5-ph_9Me-pu_pipe_propi,C#CC(=O)N1CCC2CCN=c3c(ncn3C)=C(c3ccc(S(F)(F)(F)(F)F)cc3)N=C21,SF5-phenyl,9Me-purine,piperidine,propiolamide,471.5,3.14,0.499,2,0.242
gen_SF5-ph_9Me-pu_pipe_acety,CC(=O)N1CCC2CCN=c3c(ncn3C)=C(c3ccc(S(F)(F)(F)(F)F)cc3)N=C21,SF5-phenyl,9Me-purine,piperidine,acetyl,461.5,3.52,0.643,2,0.253
gen_SF5-ph_9Me-pu_pipe_cyclo,Cn1cnc2c1=NCCC1CCN(C(=O)C3CC3)C1=NC=2c1ccc(S(F)(F)(F)(F)F)cc1,SF5-phenyl,9Me-purine,piperidine,cyclopropanecarbonyl,487.5,3.91,0.617,3,0.247
gen_SF5-ph_7-deaz_azet_acryl,C=CC(=O)N1CC2CN=c3[nH]ccc3=C(c3ccc(S(F)(F)(F)(F)F)cc3)N=C21,SF5-phenyl,7-deazapurine,azetidine,acrylamide,430.4,3.5,0.588,3,0.253
gen_SF5-ph_7-deaz_azet_cyclo,O=C(C1=CCC1)N1CC2CN=c3[nH]ccc3=C(c3ccc(S(F)(F)(F)(F)F)cc3)N=C21,SF5-phenyl,7-deazapurine,azetidine,cyclobutenylamide,456.4,4.04,0.697,3,0.258
gen_SF5-ph_7-deaz_azet_fluor,C=C(F)C(=O)N1CC2CN=c3[nH]ccc3=C(c3ccc(S(F)(F)(F)(F)F)cc3)N=C21,SF5-phenyl,7-deazapurine,azetidine,fluoroacrylamide,448.4,3.8,0.564,3,0.185
gen_SF5-ph_7-deaz_azet_propi,C#CC(=O)N1CC2CN=c3[nH]ccc3=C(c3ccc(S(F)(F)(F)(F)F)cc3)N=C21,SF5-phenyl,7-deazapurine,azetidine,propiolamide,428.4,2.95,0.58,2,0.172
gen_SF5-ph_7-deaz_azet_acety,CC(=O)N1CC2CN=c3[nH]ccc3=C(c3ccc(S(F)(F)(F)(F)F)cc3)N=C21,SF5-phenyl,7-deazapurine,azetidine,acetyl,418.4,3.34,0.748,2,0.187
gen_SF5-ph_7-deaz_azet_cyclo,O=C(C1CC1)N1CC2CN=c3[nH]ccc3=C(c3ccc(S(F)(F)(F)(F)F)cc3)N=C21,SF5-phenyl,7-deazapurine,azetidine,cyclopropanecarbonyl,444.4,3.73,0.721,3,0.174
gen_SF5-ph_7-deaz_pyrr_acryl,C=CC(=O)N1CCC2CN=c3[nH]ccc3=C(c3ccc(S(F)(F)(F)(F)F)cc3)N=C21,SF5-phenyl,7-deazapurine,pyrrolidine,acrylamide,444.4,3.89,0.567,3,0.25
gen_SF5-ph_7-deaz_pyrr_cyclo,O=C(C1=CCC1)N1CCC2CN=c3[nH]ccc3=C(c3ccc(S(F)(F)(F)(F)F)cc3)N=C21,SF5-phenyl,7-deazapurine,pyrrolidine,cyclobutenylamide,470.5,4.43,0.663,3,0.239
gen_SF5-ph_7-deaz_pyrr_fluor,C=C(F)C(=O)N1CCC2CN=c3[nH]ccc3=C(c3ccc(S(F)(F)(F)(F)F)cc3)N=C21,SF5-phenyl,7-deazapurine,pyrrolidine,fluoroacrylamide,462.4,4.19,0.54,3,0.186
gen_SF5-ph_7-deaz_pyrr_propi,C#CC(=O)N1CCC2CN=c3[nH]ccc3=C(c3ccc(S(F)(F)(F)(F)F)cc3)N=C21,SF5-phenyl,7-deazapurine,pyrrolidine,propiolamide,442.4,3.34,0.563,2,0.173
gen_SF5-ph_7-deaz_pyrr_acety,CC(=O)N1CCC2CN=c3[nH]ccc3=C(c3ccc(S(F)(F)(F)(F)F)cc3)N=C21,SF5-phenyl,7-deazapurine,pyrrolidine,acetyl,432.4,3.73,0.723,2,0.191
gen_SF5-ph_7-deaz_pyrr_cyclo,O=C(C1CC1)N1CCC2CN=c3[nH]ccc3=C(c3ccc(S(F)(F)(F)(F)F)cc3)N=C21,SF5-phenyl,7-deazapurine,pyrrolidine,cyclopropanecarbonyl,458.5,4.12,0.692,3,0.177
gen_SF5-ph_7-deaz_pipe_acryl,C=CC(=O)N1CCC2CCN=c3[nH]ccc3=C(c3ccc(S(F)(F)(F)(F)F)cc3)N=C21,SF5-phenyl,7-deazapurine,piperidine,acrylamide,458.5,4.28,0.542,3,0.247
gen_SF5-ph_7-deaz_pipe_cyclo,O=C(C1=CCC1)N1CCC2CCN=c3[nH]ccc3=C(c3ccc(S(F)(F)(F)(F)F)cc3)N=C21,SF5-phenyl,7-deazapurine,piperidine,cyclobutenylamide,484.5,4.82,0.624,3,0.234
gen_SF5-ph_7-deaz_pipe_fluor,C=C(F)C(=O)N1CCC2CCN=c3[nH]ccc3=C(c3ccc(S(F)(F)(F)(F)F)cc3)N=C21,SF5-phenyl,7-deazapurine,piperidine,fluoroacrylamide,476.4,4.58,0.512,3,0.184
gen_SF5-ph_7-deaz_pipe_propi,C#CC(=O)N1CCC2CCN=c3[nH]ccc3=C(c3ccc(S(F)(F)(F)(F)F)cc3)N=C21,SF5-phenyl,7-deazapurine,piperidine,propiolamide,456.4,3.73,0.543,2,0.172
gen_SF5-ph_7-deaz_pipe_acety,CC(=O)N1CCC2CCN=c3[nH]ccc3=C(c3ccc(S(F)(F)(F)(F)F)cc3)N=C21,SF5-phenyl,7-deazapurine,piperidine,acetyl,446.4,4.12,0.694,2,0.189
gen_SF5-ph_7-deaz_pipe_cyclo,O=C(C1CC1)N1CCC2CCN=c3[nH]ccc3=C(c3ccc(S(F)(F)(F)(F)F)cc3)N=C21,SF5-phenyl,7-deazapurine,piperidine,cyclopropanecarbonyl,472.5,4.51,0.657,3,0.175
gen_SF5-ph_thieno_azet_acryl,C=CC(=O)N1CC2CN=c3sccc3=C(c3ccc(S(F)(F)(F)(F)F)cc3)N=C21,SF5-phenyl,thienopyrimidine,azetidine,acrylamide,447.5,4.24,0.513,3,0.267
gen_SF5-ph_thieno_azet_cyclo,O=C(C1=CCC1)N1CC2CN=c3sccc3=C(c3ccc(S(F)(F)(F)(F)F)cc3)N=C21,SF5-phenyl,thienopyrimidine,azetidine,cyclobutenylamide,473.5,4.77,0.593,3,0.258
gen_SF5-ph_thieno_azet_fluor,C=C(F)C(=O)N1CC2CN=c3sccc3=C(c3ccc(S(F)(F)(F)(F)F)cc3)N=C21,SF5-phenyl,thienopyrimidine,azetidine,fluoroacrylamide,465.4,4.54,0.485,3,0.198
gen_SF5-ph_thieno_azet_propi,C#CC(=O)N1CC2CN=c3sccc3=C(c3ccc(S(F)(F)(F)(F)F)cc3)N=C21,SF5-phenyl,thienopyrimidine,azetidine,propiolamide,445.4,3.69,0.514,2,0.185
gen_SF5-ph_thieno_azet_acety,CC(=O)N1CC2CN=c3sccc3=C(c3ccc(S(F)(F)(F)(F)F)cc3)N=C21,SF5-phenyl,thienopyrimidine,azetidine,acetyl,435.4,4.07,0.656,2,0.191
gen_SF5-ph_thieno_azet_cyclo,O=C(C1CC1)N1CC2CN=c3sccc3=C(c3ccc(S(F)(F)(F)(F)F)cc3)N=C21,SF5-phenyl,thienopyrimidine,azetidine,cyclopropanecarbonyl,461.5,4.46,0.623,3,0.187
gen_SF5-ph_thieno_pyrr_acryl,C=CC(=O)N1CCC2CN=c3sccc3=C(c3ccc(S(F)(F)(F)(F)F)cc3)N=C21,SF5-phenyl,thienopyrimidine,pyrrolidine,acrylamide,461.5,4.63,0.486,3,0.25
gen_SF5-ph_thieno_pyrr_cyclo,O=C(C1=CCC1)N1CCC2CN=c3sccc3=C(c3ccc(S(F)(F)(F)(F)F)cc3)N=C21,SF5-phenyl,thienopyrimidine,pyrrolidine,cyclobutenylamide,487.5,5.16,0.552,3,0.239
gen_SF5-ph_thieno_pyrr_fluor,C=C(F)C(=O)N1CCC2CN=c3sccc3=C(c3ccc(S(F)(F)(F)(F)F)cc3)N=C21,SF5-phenyl,thienopyrimidine,pyrrolidine,fluoroacrylamide,479.5,4.93,0.455,3,0.186
gen_SF5-ph_thieno_pyrr_propi,C#CC(=O)N1CCC2CN=c3sccc3=C(c3ccc(S(F)(F)(F)(F)F)cc3)N=C21,SF5-phenyl,thienopyrimidine,pyrrolidine,propiolamide,459.5,4.08,0.493,2,0.173
gen_SF5-ph_thieno_pyrr_acety,CC(=O)N1CCC2CN=c3sccc3=C(c3ccc(S(F)(F)(F)(F)F)cc3)N=C21,SF5-phenyl,thienopyrimidine,pyrrolidine,acetyl,449.5,4.46,0.625,2,0.191
gen_SF5-ph_thieno_pyrr_cyclo,O=C(C1CC1)N1CCC2CN=c3sccc3=C(c3ccc(S(F)(F)(F)(F)F)cc3)N=C21,SF5-phenyl,thienopyrimidine,pyrrolidine,cyclopropanecarbonyl,475.5,4.85,0.586,3,0.177
gen_SF5-ph_thieno_pipe_acryl,C=CC(=O)N1CCC2CCN=c3sccc3=C(c3ccc(S(F)(F)(F)(F)F)cc3)N=C21,SF5-phenyl,thienopyrimidine,piperidine,acrylamide,475.5,5.02,0.454,3,0.247
gen_SF5-ph_thieno_pipe_fluor,C=C(F)C(=O)N1CCC2CCN=c3sccc3=C(c3ccc(S(F)(F)(F)(F)F)cc3)N=C21,SF5-phenyl,thienopyrimidine,piperidine,fluoroacrylamide,493.5,5.32,0.422,3,0.184
gen_SF5-ph_thieno_pipe_propi,C#CC(=O)N1CCC2CCN=c3sccc3=C(c3ccc(S(F)(F)(F)(F)F)cc3)N=C21,SF5-phenyl,thienopyrimidine,piperidine,propiolamide,473.5,4.47,0.469,2,0.172
gen_SF5-ph_thieno_pipe_acety,CC(=O)N1CCC2CCN=c3sccc3=C(c3ccc(S(F)(F)(F)(F)F)cc3)N=C21,SF5-phenyl,thienopyrimidine,piperidine,acetyl,463.5,4.85,0.587,2,0.189
gen_SF5-ph_thieno_pipe_cyclo,O=C(C1CC1)N1CCC2CCN=c3sccc3=C(c3ccc(S(F)(F)(F)(F)F)cc3)N=C21,SF5-phenyl,thienopyrimidine,piperidine,cyclopropanecarbonyl,489.5,5.24,0.544,3,0.175
gen_OCHF2-_9Me-pu_azet_cyclo,Cn1cnc2c1=NCC1CN(C(=O)C3=CCC3)C1=NC=2c1ccc(OC(F)F)cc1,OCHF2-phenyl,9Me-purine,azetidine,cyclobutenylamide,411.4,1.39,0.763,4,0.376
gen_OCHF2-_9Me-pu_azet_fluor,C=C(F)C(=O)N1CC2CN=c3c(ncn3C)=C(c3ccc(OC(F)F)cc3)N=C21,OCHF2-phenyl,9Me-purine,azetidine,fluoroacrylamide,403.4,1.15,0.719,4,0.281
gen_OCHF2-_9Me-pu_azet_cyclo,Cn1cnc2c1=NCC1CN(C(=O)C3CC3)C1=NC=2c1ccc(OC(F)F)cc1,OCHF2-phenyl,9Me-purine,azetidine,cyclopropanecarbonyl,399.4,1.08,0.772,4,0.278
gen_OCHF2-_9Me-pu_pyrr_acryl,C=CC(=O)N1CCC2CN=c3c(ncn3C)=C(c3ccc(OC(F)F)cc3)N=C21,OCHF2-phenyl,9Me-purine,pyrrolidine,acrylamide,399.4,1.24,0.727,4,0.364
gen_OCHF2-_9Me-pu_pyrr_cyclo,Cn1cnc2c1=NCC1CCN(C(=O)C3=CCC3)C1=NC=2c1ccc(OC(F)F)cc1,OCHF2-phenyl,9Me-purine,pyrrolidine,cyclobutenylamide,425.4,1.78,0.75,4,0.352
gen_OCHF2-_9Me-pu_pyrr_fluor,C=C(F)C(=O)N1CCC2CN=c3c(ncn3C)=C(c3ccc(OC(F)F)cc3)N=C21,OCHF2-phenyl,9Me-purine,pyrrolidine,fluoroacrylamide,417.4,1.54,0.709,4,0.29
gen_OCHF2-_9Me-pu_pyrr_acety,CC(=O)N1CCC2CN=c3c(ncn3C)=C(c3ccc(OC(F)F)cc3)N=C21,OCHF2-phenyl,9Me-purine,pyrrolidine,acetyl,387.4,1.08,0.791,3,0.289
gen_OCHF2-_9Me-pu_pyrr_cyclo,Cn1cnc2c1=NCC1CCN(C(=O)C3CC3)C1=NC=2c1ccc(OC(F)F)cc1,OCHF2-phenyl,9Me-purine,pyrrolidine,cyclopropanecarbonyl,413.4,1.47,0.762,4,0.283
gen_OCHF2-_9Me-pu_pipe_acryl,C=CC(=O)N1CCC2CCN=c3c(ncn3C)=C(c3ccc(OC(F)F)cc3)N=C21,OCHF2-phenyl,9Me-purine,piperidine,acrylamide,413.4,1.63,0.716,4,0.36
gen_OCHF2-_9Me-pu_pipe_cyclo,Cn1cnc2c1=NCCC1CCN(C(=O)C3=CCC3)C1=NC=2c1ccc(OC(F)F)cc1,OCHF2-phenyl,9Me-purine,piperidine,cyclobutenylamide,439.5,2.17,0.733,4,0.344
gen_OCHF2-_9Me-pu_pipe_fluor,C=C(F)C(=O)N1CCC2CCN=c3c(ncn3C)=C(c3ccc(OC(F)F)cc3)N=C21,OCHF2-phenyl,9Me-purine,piperidine,fluoroacrylamide,431.4,1.93,0.695,4,0.287
gen_OCHF2-_9Me-pu_pipe_propi,C#CC(=O)N1CCC2CCN=c3c(ncn3C)=C(c3ccc(OC(F)F)cc3)N=C21,OCHF2-phenyl,9Me-purine,piperidine,propiolamide,411.4,1.08,0.71,3,0.274
gen_OCHF2-_9Me-pu_pipe_acety,CC(=O)N1CCC2CCN=c3c(ncn3C)=C(c3ccc(OC(F)F)cc3)N=C21,OCHF2-phenyl,9Me-purine,piperidine,acetyl,401.4,1.47,0.782,3,0.286
gen_OCHF2-_9Me-pu_pipe_cyclo,Cn1cnc2c1=NCCC1CCN(C(=O)C3CC3)C1=NC=2c1ccc(OC(F)F)cc1,OCHF2-phenyl,9Me-purine,piperidine,cyclopropanecarbonyl,427.5,1.86,0.748,4,0.28
gen_OCHF2-_7-deaz_azet_acryl,C=CC(=O)N1CC2CN=c3[nH]ccc3=C(c3ccc(OC(F)F)cc3)N=C21,OCHF2-phenyl,7-deazapurine,azetidine,acrylamide,370.4,1.45,0.828,4,0.287
gen_OCHF2-_7-deaz_azet_cyclo,O=C(C1=CCC1)N1CC2CN=c3[nH]ccc3=C(c3ccc(OC(F)F)cc3)N=C21,OCHF2-phenyl,7-deazapurine,azetidine,cyclobutenylamide,396.4,1.98,0.859,4,0.292
gen_OCHF2-_7-deaz_azet_fluor,C=C(F)C(=O)N1CC2CN=c3[nH]ccc3=C(c3ccc(OC(F)F)cc3)N=C21,OCHF2-phenyl,7-deazapurine,azetidine,fluoroacrylamide,388.3,1.75,0.811,4,0.217
gen_OCHF2-_7-deaz_azet_acety,CC(=O)N1CC2CN=c3[nH]ccc3=C(c3ccc(OC(F)F)cc3)N=C21,OCHF2-phenyl,7-deazapurine,azetidine,acetyl,358.3,1.28,0.898,3,0.22
gen_OCHF2-_7-deaz_azet_cyclo,O=C(C1CC1)N1CC2CN=c3[nH]ccc3=C(c3ccc(OC(F)F)cc3)N=C21,OCHF2-phenyl,7-deazapurine,azetidine,cyclopropanecarbonyl,384.4,1.67,0.871,4,0.207
gen_OCHF2-_7-deaz_pyrr_acryl,C=CC(=O)N1CCC2CN=c3[nH]ccc3=C(c3ccc(OC(F)F)cc3)N=C21,OCHF2-phenyl,7-deazapurine,pyrrolidine,acrylamide,384.4,1.84,0.818,4,0.283
gen_OCHF2-_7-deaz_pyrr_cyclo,O=C(C1=CCC1)N1CCC2CN=c3[nH]ccc3=C(c3ccc(OC(F)F)cc3)N=C21,OCHF2-phenyl,7-deazapurine,pyrrolidine,cyclobutenylamide,410.4,2.37,0.841,4,0.272
gen_OCHF2-_7-deaz_pyrr_fluor,C=C(F)C(=O)N1CCC2CN=c3[nH]ccc3=C(c3ccc(OC(F)F)cc3)N=C21,OCHF2-phenyl,7-deazapurine,pyrrolidine,fluoroacrylamide,402.4,2.14,0.797,4,0.216
gen_OCHF2-_7-deaz_pyrr_propi,C#CC(=O)N1CCC2CN=c3[nH]ccc3=C(c3ccc(OC(F)F)cc3)N=C21,OCHF2-phenyl,7-deazapurine,pyrrolidine,propiolamide,382.4,1.29,0.813,3,0.204
gen_OCHF2-_7-deaz_pyrr_acety,CC(=O)N1CCC2CN=c3[nH]ccc3=C(c3ccc(OC(F)F)cc3)N=C21,OCHF2-phenyl,7-deazapurine,pyrrolidine,acetyl,372.4,1.67,0.891,3,0.223
gen_OCHF2-_7-deaz_pyrr_cyclo,O=C(C1CC1)N1CCC2CN=c3[nH]ccc3=C(c3ccc(OC(F)F)cc3)N=C21,OCHF2-phenyl,7-deazapurine,pyrrolidine,cyclopropanecarbonyl,398.4,2.06,0.857,4,0.208
gen_OCHF2-_7-deaz_pipe_acryl,C=CC(=O)N1CCC2CCN=c3[nH]ccc3=C(c3ccc(OC(F)F)cc3)N=C21,OCHF2-phenyl,7-deazapurine,piperidine,acrylamide,398.4,2.23,0.803,4,0.28
gen_OCHF2-_7-deaz_pipe_cyclo,O=C(C1=CCC1)N1CCC2CCN=c3[nH]ccc3=C(c3ccc(OC(F)F)cc3)N=C21,OCHF2-phenyl,7-deazapurine,piperidine,cyclobutenylamide,424.5,2.76,0.82,4,0.266
gen_OCHF2-_7-deaz_pipe_fluor,C=C(F)C(=O)N1CCC2CCN=c3[nH]ccc3=C(c3ccc(OC(F)F)cc3)N=C21,OCHF2-phenyl,7-deazapurine,piperidine,fluoroacrylamide,416.4,2.53,0.779,4,0.214
gen_OCHF2-_7-deaz_pipe_propi,C#CC(=O)N1CCC2CCN=c3[nH]ccc3=C(c3ccc(OC(F)F)cc3)N=C21,OCHF2-phenyl,7-deazapurine,piperidine,propiolamide,396.4,1.68,0.802,3,0.202
gen_OCHF2-_7-deaz_pipe_acety,CC(=O)N1CCC2CCN=c3[nH]ccc3=C(c3ccc(OC(F)F)cc3)N=C21,OCHF2-phenyl,7-deazapurine,piperidine,acetyl,386.4,2.06,0.877,3,0.221
gen_OCHF2-_7-deaz_pipe_cyclo,O=C(C1CC1)N1CCC2CCN=c3[nH]ccc3=C(c3ccc(OC(F)F)cc3)N=C21,OCHF2-phenyl,7-deazapurine,piperidine,cyclopropanecarbonyl,412.4,2.45,0.838,4,0.206
gen_OCHF2-_thieno_azet_acryl,C=CC(=O)N1CC2CN=c3sccc3=C(c3ccc(OC(F)F)cc3)N=C21,OCHF2-phenyl,thienopyrimidine,azetidine,acrylamide,387.4,2.18,0.756,4,0.302
gen_OCHF2-_thieno_azet_cyclo,O=C(C1=CCC1)N1CC2CN=c3sccc3=C(c3ccc(OC(F)F)cc3)N=C21,OCHF2-phenyl,thienopyrimidine,azetidine,cyclobutenylamide,413.4,2.72,0.774,4,0.292
gen_OCHF2-_thieno_azet_fluor,C=C(F)C(=O)N1CC2CN=c3sccc3=C(c3ccc(OC(F)F)cc3)N=C21,OCHF2-phenyl,thienopyrimidine,azetidine,fluoroacrylamide,405.4,2.48,0.734,4,0.231
gen_OCHF2-_thieno_azet_propi,C#CC(=O)N1CC2CN=c3sccc3=C(c3ccc(OC(F)F)cc3)N=C21,OCHF2-phenyl,thienopyrimidine,azetidine,propiolamide,385.4,1.63,0.755,3,0.217
gen_OCHF2-_thieno_azet_acety,CC(=O)N1CC2CN=c3sccc3=C(c3ccc(OC(F)F)cc3)N=C21,OCHF2-phenyl,thienopyrimidine,azetidine,acetyl,375.4,2.02,0.824,3,0.225
gen_OCHF2-_thieno_azet_cyclo,O=C(C1CC1)N1CC2CN=c3sccc3=C(c3ccc(OC(F)F)cc3)N=C21,OCHF2-phenyl,thienopyrimidine,azetidine,cyclopropanecarbonyl,401.4,2.41,0.79,4,0.22
gen_OCHF2-_thieno_pyrr_acryl,C=CC(=O)N1CCC2CN=c3sccc3=C(c3ccc(OC(F)F)cc3)N=C21,OCHF2-phenyl,thienopyrimidine,pyrrolidine,acrylamide,401.4,2.57,0.74,4,0.283
gen_OCHF2-_thieno_pyrr_cyclo,O=C(C1=CCC1)N1CCC2CN=c3sccc3=C(c3ccc(OC(F)F)cc3)N=C21,OCHF2-phenyl,thienopyrimidine,pyrrolidine,cyclobutenylamide,427.5,3.11,0.753,4,0.272
gen_OCHF2-_thieno_pyrr_fluor,C=C(F)C(=O)N1CCC2CN=c3sccc3=C(c3ccc(OC(F)F)cc3)N=C21,OCHF2-phenyl,thienopyrimidine,pyrrolidine,fluoroacrylamide,419.4,2.87,0.716,4,0.216
gen_OCHF2-_thieno_pyrr_propi,C#CC(=O)N1CCC2CN=c3sccc3=C(c3ccc(OC(F)F)cc3)N=C21,OCHF2-phenyl,thienopyrimidine,pyrrolidine,propiolamide,399.4,2.02,0.742,3,0.204
gen_OCHF2-_thieno_pyrr_acety,CC(=O)N1CCC2CN=c3sccc3=C(c3ccc(OC(F)F)cc3)N=C21,OCHF2-phenyl,thienopyrimidine,pyrrolidine,acetyl,389.4,2.41,0.81,3,0.223
gen_OCHF2-_thieno_pyrr_cyclo,O=C(C1CC1)N1CCC2CN=c3sccc3=C(c3ccc(OC(F)F)cc3)N=C21,OCHF2-phenyl,thienopyrimidine,pyrrolidine,cyclopropanecarbonyl,415.5,2.8,0.771,4,0.208
gen_OCHF2-_thieno_pipe_acryl,C=CC(=O)N1CCC2CCN=c3sccc3=C(c3ccc(OC(F)F)cc3)N=C21,OCHF2-phenyl,thienopyrimidine,piperidine,acrylamide,415.5,2.96,0.721,4,0.28
gen_OCHF2-_thieno_pipe_cyclo,O=C(C1=CCC1)N1CCC2CCN=c3sccc3=C(c3ccc(OC(F)F)cc3)N=C21,OCHF2-phenyl,thienopyrimidine,piperidine,cyclobutenylamide,441.5,3.5,0.729,4,0.266
gen_OCHF2-_thieno_pipe_fluor,C=C(F)C(=O)N1CCC2CCN=c3sccc3=C(c3ccc(OC(F)F)cc3)N=C21,OCHF2-phenyl,thienopyrimidine,piperidine,fluoroacrylamide,433.5,3.26,0.695,4,0.214
gen_OCHF2-_thieno_pipe_propi,C#CC(=O)N1CCC2CCN=c3sccc3=C(c3ccc(OC(F)F)cc3)N=C21,OCHF2-phenyl,thienopyrimidine,piperidine,propiolamide,413.4,2.41,0.726,3,0.202
gen_OCHF2-_thieno_pipe_acety,CC(=O)N1CCC2CCN=c3sccc3=C(c3ccc(OC(F)F)cc3)N=C21,OCHF2-phenyl,thienopyrimidine,piperidine,acetyl,403.5,2.8,0.791,3,0.221
gen_OCHF2-_thieno_pipe_cyclo,O=C(C1CC1)N1CCC2CCN=c3sccc3=C(c3ccc(OC(F)F)cc3)N=C21,OCHF2-phenyl,thienopyrimidine,piperidine,cyclopropanecarbonyl,429.5,3.19,0.75,4,0.206
gen_biphen_9Me-pu_azet_acryl,C=CC(=O)N1CC2CN=c3c(ncn3C)=C(c3ccc(-c4ccccc4)cc3)N=C21,biphenyl,9Me-purine,azetidine,acrylamide,395.5,1.92,0.636,3,0.317
gen_biphen_9Me-pu_azet_cyclo,Cn1cnc2c1=NCC1CN(C(=O)C3=CCC3)C1=NC=2c1ccc(-c2ccccc2)cc1,biphenyl,9Me-purine,azetidine,cyclobutenylamide,421.5,2.45,0.652,3,0.337
gen_biphen_9Me-pu_azet_fluor,C=C(F)C(=O)N1CC2CN=c3c(ncn3C)=C(c3ccc(-c4ccccc4)cc3)N=C21,biphenyl,9Me-purine,azetidine,fluoroacrylamide,413.5,2.22,0.618,3,0.253
gen_biphen_9Me-pu_azet_propi,C#CC(=O)N1CC2CN=c3c(ncn3C)=C(c3ccc(-c4ccccc4)cc3)N=C21,biphenyl,9Me-purine,azetidine,propiolamide,393.5,1.37,0.618,2,0.236
gen_biphen_9Me-pu_azet_acety,CC(=O)N1CC2CN=c3c(ncn3C)=C(c3ccc(-c4ccccc4)cc3)N=C21,biphenyl,9Me-purine,azetidine,acetyl,383.5,1.75,0.677,2,0.247
gen_biphen_9Me-pu_azet_cyclo,Cn1cnc2c1=NCC1CN(C(=O)C3CC3)C1=NC=2c1ccc(-c2ccccc2)cc1,biphenyl,9Me-purine,azetidine,cyclopropanecarbonyl,409.5,2.14,0.665,3,0.239
gen_biphen_9Me-pu_pyrr_acryl,C=CC(=O)N1CCC2CN=c3c(ncn3C)=C(c3ccc(-c4ccccc4)cc3)N=C21,biphenyl,9Me-purine,pyrrolidine,acrylamide,409.5,2.31,0.623,3,0.326
gen_biphen_9Me-pu_pyrr_cyclo,Cn1cnc2c1=NCC1CCN(C(=O)C3=CCC3)C1=NC=2c1ccc(-c2ccccc2)cc1,biphenyl,9Me-purine,pyrrolidine,cyclobutenylamide,435.5,2.84,0.635,3,0.314
gen_biphen_9Me-pu_pyrr_fluor,C=C(F)C(=O)N1CCC2CN=c3c(ncn3C)=C(c3ccc(-c4ccccc4)cc3)N=C21,biphenyl,9Me-purine,pyrrolidine,fluoroacrylamide,427.5,2.61,0.604,3,0.264
gen_biphen_9Me-pu_pyrr_propi,C#CC(=O)N1CCC2CN=c3c(ncn3C)=C(c3ccc(-c4ccccc4)cc3)N=C21,biphenyl,9Me-purine,pyrrolidine,propiolamide,407.5,1.76,0.608,2,0.239
gen_biphen_9Me-pu_pyrr_acety,CC(=O)N1CCC2CN=c3c(ncn3C)=C(c3ccc(-c4ccccc4)cc3)N=C21,biphenyl,9Me-purine,pyrrolidine,acetyl,397.5,2.14,0.665,2,0.25
gen_biphen_9Me-pu_pyrr_cyclo,Cn1cnc2c1=NCC1CCN(C(=O)C3CC3)C1=NC=2c1ccc(-c2ccccc2)cc1,biphenyl,9Me-purine,pyrrolidine,cyclopropanecarbonyl,423.5,2.53,0.65,3,0.244
gen_biphen_9Me-pu_pipe_acryl,C=CC(=O)N1CCC2CCN=c3c(ncn3C)=C(c3ccc(-c4ccccc4)cc3)N=C21,biphenyl,9Me-purine,piperidine,acrylamide,423.5,2.7,0.608,3,0.322
gen_biphen_9Me-pu_pipe_cyclo,Cn1cnc2c1=NCCC1CCN(C(=O)C3=CCC3)C1=NC=2c1ccc(-c2ccccc2)cc1,biphenyl,9Me-purine,piperidine,cyclobutenylamide,449.6,3.23,0.616,3,0.307
gen_biphen_9Me-pu_pipe_fluor,C=C(F)C(=O)N1CCC2CCN=c3c(ncn3C)=C(c3ccc(-c4ccccc4)cc3)N=C21,biphenyl,9Me-purine,piperidine,fluoroacrylamide,441.5,3.0,0.587,3,0.261
gen_biphen_9Me-pu_pipe_propi,C#CC(=O)N1CCC2CCN=c3c(ncn3C)=C(c3ccc(-c4ccccc4)cc3)N=C21,biphenyl,9Me-purine,piperidine,propiolamide,421.5,2.15,0.596,2,0.237
gen_biphen_9Me-pu_pipe_acety,CC(=O)N1CCC2CCN=c3c(ncn3C)=C(c3ccc(-c4ccccc4)cc3)N=C21,biphenyl,9Me-purine,piperidine,acetyl,411.5,2.53,0.651,2,0.247
gen_biphen_9Me-pu_pipe_cyclo,Cn1cnc2c1=NCCC1CCN(C(=O)C3CC3)C1=NC=2c1ccc(-c2ccccc2)cc1,biphenyl,9Me-purine,piperidine,cyclopropanecarbonyl,437.5,2.92,0.633,3,0.242
gen_biphen_7-deaz_azet_acryl,C=CC(=O)N1CC2CN=c3[nH]ccc3=C(c3ccc(-c4ccccc4)cc3)N=C21,biphenyl,7-deazapurine,azetidine,acrylamide,380.5,2.51,0.698,3,0.247
gen_biphen_7-deaz_azet_cyclo,O=C(C1=CCC1)N1CC2CN=c3[nH]ccc3=C(c3ccc(-c4ccccc4)cc3)N=C21,biphenyl,7-deazapurine,azetidine,cyclobutenylamide,406.5,3.05,0.714,3,0.253
gen_biphen_7-deaz_azet_fluor,C=C(F)C(=O)N1CC2CN=c3[nH]ccc3=C(c3ccc(-c4ccccc4)cc3)N=C21,biphenyl,7-deazapurine,azetidine,fluoroacrylamide,398.4,2.81,0.678,3,0.189
gen_biphen_7-deaz_azet_propi,C#CC(=O)N1CC2CN=c3[nH]ccc3=C(c3ccc(-c4ccccc4)cc3)N=C21,biphenyl,7-deazapurine,azetidine,propiolamide,378.4,1.96,0.681,2,0.165
gen_biphen_7-deaz_azet_acety,CC(=O)N1CC2CN=c3[nH]ccc3=C(c3ccc(-c4ccccc4)cc3)N=C21,biphenyl,7-deazapurine,azetidine,acetyl,368.4,2.35,0.742,2,0.18
gen_biphen_7-deaz_azet_cyclo,O=C(C1CC1)N1CC2CN=c3[nH]ccc3=C(c3ccc(-c4ccccc4)cc3)N=C21,biphenyl,7-deazapurine,azetidine,cyclopropanecarbonyl,394.5,2.74,0.73,3,0.167
gen_biphen_7-deaz_pyrr_acryl,C=CC(=O)N1CCC2CN=c3[nH]ccc3=C(c3ccc(-c4ccccc4)cc3)N=C21,biphenyl,7-deazapurine,pyrrolidine,acrylamide,394.5,2.9,0.683,3,0.244
gen_biphen_7-deaz_pyrr_cyclo,O=C(C1=CCC1)N1CCC2CN=c3[nH]ccc3=C(c3ccc(-c4ccccc4)cc3)N=C21,biphenyl,7-deazapurine,pyrrolidine,cyclobutenylamide,420.5,3.44,0.693,3,0.233
gen_biphen_7-deaz_pyrr_fluor,C=C(F)C(=O)N1CCC2CN=c3[nH]ccc3=C(c3ccc(-c4ccccc4)cc3)N=C21,biphenyl,7-deazapurine,pyrrolidine,fluoroacrylamide,412.5,3.2,0.66,3,0.189
gen_biphen_7-deaz_pyrr_propi,C#CC(=O)N1CCC2CN=c3[nH]ccc3=C(c3ccc(-c4ccccc4)cc3)N=C21,biphenyl,7-deazapurine,pyrrolidine,propiolamide,392.5,2.35,0.669,2,0.167
gen_biphen_7-deaz_pyrr_acety,CC(=O)N1CCC2CN=c3[nH]ccc3=C(c3ccc(-c4ccccc4)cc3)N=C21,biphenyl,7-deazapurine,pyrrolidine,acetyl,382.5,2.74,0.728,2,0.185
gen_biphen_7-deaz_pyrr_cyclo,O=C(C1CC1)N1CCC2CN=c3[nH]ccc3=C(c3ccc(-c4ccccc4)cc3)N=C21,biphenyl,7-deazapurine,pyrrolidine,cyclopropanecarbonyl,408.5,3.13,0.711,3,0.17
gen_biphen_7-deaz_pipe_acryl,C=CC(=O)N1CCC2CCN=c3[nH]ccc3=C(c3ccc(-c4ccccc4)cc3)N=C21,biphenyl,7-deazapurine,piperidine,acrylamide,408.5,3.29,0.664,3,0.242
gen_biphen_7-deaz_pipe_cyclo,O=C(C1=CCC1)N1CCC2CCN=c3[nH]ccc3=C(c3ccc(-c4ccccc4)cc3)N=C21,biphenyl,7-deazapurine,piperidine,cyclobutenylamide,434.5,3.83,0.669,3,0.228
gen_biphen_7-deaz_pipe_fluor,C=C(F)C(=O)N1CCC2CCN=c3[nH]ccc3=C(c3ccc(-c4ccccc4)cc3)N=C21,biphenyl,7-deazapurine,piperidine,fluoroacrylamide,426.5,3.59,0.64,3,0.188
gen_biphen_7-deaz_pipe_propi,C#CC(=O)N1CCC2CCN=c3[nH]ccc3=C(c3ccc(-c4ccccc4)cc3)N=C21,biphenyl,7-deazapurine,piperidine,propiolamide,406.5,2.74,0.654,2,0.165
gen_biphen_7-deaz_pipe_acety,CC(=O)N1CCC2CCN=c3[nH]ccc3=C(c3ccc(-c4ccccc4)cc3)N=C21,biphenyl,7-deazapurine,piperidine,acetyl,396.5,3.13,0.711,2,0.183
gen_biphen_7-deaz_pipe_cyclo,O=C(C1CC1)N1CCC2CCN=c3[nH]ccc3=C(c3ccc(-c4ccccc4)cc3)N=C21,biphenyl,7-deazapurine,piperidine,cyclopropanecarbonyl,422.5,3.52,0.69,3,0.168
gen_biphen_thieno_azet_acryl,C=CC(=O)N1CC2CN=c3sccc3=C(c3ccc(-c4ccccc4)cc3)N=C21,biphenyl,thienopyrimidine,azetidine,acrylamide,397.5,3.25,0.626,3,0.262
gen_biphen_thieno_azet_cyclo,O=C(C1=CCC1)N1CC2CN=c3sccc3=C(c3ccc(-c4ccccc4)cc3)N=C21,biphenyl,thienopyrimidine,azetidine,cyclobutenylamide,423.5,3.78,0.632,3,0.253
gen_biphen_thieno_azet_fluor,C=C(F)C(=O)N1CC2CN=c3sccc3=C(c3ccc(-c4ccccc4)cc3)N=C21,biphenyl,thienopyrimidine,azetidine,fluoroacrylamide,415.5,3.54,0.604,3,0.202
gen_biphen_thieno_azet_propi,C#CC(=O)N1CC2CN=c3sccc3=C(c3ccc(-c4ccccc4)cc3)N=C21,biphenyl,thienopyrimidine,azetidine,propiolamide,395.5,2.69,0.616,2,0.178
gen_biphen_thieno_azet_acety,CC(=O)N1CC2CN=c3sccc3=C(c3ccc(-c4ccccc4)cc3)N=C21,biphenyl,thienopyrimidine,azetidine,acetyl,385.5,3.08,0.669,2,0.184
gen_biphen_thieno_azet_cyclo,O=C(C1CC1)N1CC2CN=c3sccc3=C(c3ccc(-c4ccccc4)cc3)N=C21,biphenyl,thienopyrimidine,azetidine,cyclopropanecarbonyl,411.5,3.47,0.651,3,0.18
gen_biphen_thieno_pyrr_acryl,C=CC(=O)N1CCC2CN=c3sccc3=C(c3ccc(-c4ccccc4)cc3)N=C21,biphenyl,thienopyrimidine,pyrrolidine,acrylamide,411.5,3.64,0.607,3,0.244
gen_biphen_thieno_pyrr_cyclo,O=C(C1=CCC1)N1CCC2CN=c3sccc3=C(c3ccc(-c4ccccc4)cc3)N=C21,biphenyl,thienopyrimidine,pyrrolidine,cyclobutenylamide,437.6,4.17,0.607,3,0.233
gen_biphen_thieno_pyrr_fluor,C=C(F)C(=O)N1CCC2CN=c3sccc3=C(c3ccc(-c4ccccc4)cc3)N=C21,biphenyl,thienopyrimidine,pyrrolidine,fluoroacrylamide,429.5,3.94,0.582,3,0.189
gen_biphen_thieno_pyrr_propi,C#CC(=O)N1CCC2CN=c3sccc3=C(c3ccc(-c4ccccc4)cc3)N=C21,biphenyl,thienopyrimidine,pyrrolidine,propiolamide,409.5,3.09,0.6,2,0.167
gen_biphen_thieno_pyrr_acety,CC(=O)N1CCC2CN=c3sccc3=C(c3ccc(-c4ccccc4)cc3)N=C21,biphenyl,thienopyrimidine,pyrrolidine,acetyl,399.5,3.47,0.651,2,0.185
gen_biphen_thieno_pyrr_cyclo,O=C(C1CC1)N1CCC2CN=c3sccc3=C(c3ccc(-c4ccccc4)cc3)N=C21,biphenyl,thienopyrimidine,pyrrolidine,cyclopropanecarbonyl,425.6,3.86,0.628,3,0.17
gen_biphen_thieno_pipe_acryl,C=CC(=O)N1CCC2CCN=c3sccc3=C(c3ccc(-c4ccccc4)cc3)N=C21,biphenyl,thienopyrimidine,piperidine,acrylamide,425.6,4.03,0.585,3,0.242
gen_biphen_thieno_pipe_cyclo,O=C(C1=CCC1)N1CCC2CCN=c3sccc3=C(c3ccc(-c4ccccc4)cc3)N=C21,biphenyl,thienopyrimidine,piperidine,cyclobutenylamide,451.6,4.56,0.576,3,0.228
gen_biphen_thieno_pipe_fluor,C=C(F)C(=O)N1CCC2CCN=c3sccc3=C(c3ccc(-c4ccccc4)cc3)N=C21,biphenyl,thienopyrimidine,piperidine,fluoroacrylamide,443.5,4.33,0.556,3,0.188
gen_biphen_thieno_pipe_propi,C#CC(=O)N1CCC2CCN=c3sccc3=C(c3ccc(-c4ccccc4)cc3)N=C21,biphenyl,thienopyrimidine,piperidine,propiolamide,423.5,3.48,0.582,2,0.165
gen_biphen_thieno_pipe_acety,CC(=O)N1CCC2CCN=c3sccc3=C(c3ccc(-c4ccccc4)cc3)N=C21,biphenyl,thienopyrimidine,piperidine,acetyl,413.5,3.86,0.629,2,0.183
gen_biphen_thieno_pipe_cyclo,O=C(C1CC1)N1CCC2CCN=c3sccc3=C(c3ccc(-c4ccccc4)cc3)N=C21,biphenyl,thienopyrimidine,piperidine,cyclopropanecarbonyl,439.6,4.25,0.602,3,0.168
gen_pyridy_9Me-pu_azet_cyclo,Cn1cnc2c1=NCC1CN(C(=O)C3=CCC3)C1=NC=2c1cc(C(F)(F)F)ccn1,pyridyl-CF3,9Me-purine,azetidine,cyclobutenylamide,414.4,1.2,0.741,2,0.326
gen_pyridy_9Me-pu_pyrr_acryl,C=CC(=O)N1CCC2CN=c3c(ncn3C)=C(c3cc(C(F)(F)F)ccn3)N=C21,pyridyl-CF3,9Me-purine,pyrrolidine,acrylamide,402.4,1.06,0.705,2,0.315
gen_pyridy_9Me-pu_pyrr_cyclo,Cn1cnc2c1=NCC1CCN(C(=O)C3=CCC3)C1=NC=2c1cc(C(F)(F)F)ccn1,pyridyl-CF3,9Me-purine,pyrrolidine,cyclobutenylamide,428.4,1.59,0.729,2,0.304
gen_pyridy_9Me-pu_pyrr_fluor,C=C(F)C(=O)N1CCC2CN=c3c(ncn3C)=C(c3cc(C(F)(F)F)ccn3)N=C21,pyridyl-CF3,9Me-purine,pyrrolidine,fluoroacrylamide,420.4,1.35,0.544,2,0.247
gen_pyridy_9Me-pu_pyrr_cyclo,Cn1cnc2c1=NCC1CCN(C(=O)C3CC3)C1=NC=2c1cc(C(F)(F)F)ccn1,pyridyl-CF3,9Me-purine,pyrrolidine,cyclopropanecarbonyl,416.4,1.28,0.74,2,0.24
gen_pyridy_9Me-pu_pipe_acryl,C=CC(=O)N1CCC2CCN=c3c(ncn3C)=C(c3cc(C(F)(F)F)ccn3)N=C21,pyridyl-CF3,9Me-purine,piperidine,acrylamide,416.4,1.45,0.696,2,0.312
gen_pyridy_9Me-pu_pipe_cyclo,Cn1cnc2c1=NCCC1CCN(C(=O)C3=CCC3)C1=NC=2c1cc(C(F)(F)F)ccn1,pyridyl-CF3,9Me-purine,piperidine,cyclobutenylamide,442.4,1.98,0.714,2,0.298
gen_pyridy_9Me-pu_pipe_fluor,C=C(F)C(=O)N1CCC2CCN=c3c(ncn3C)=C(c3cc(C(F)(F)F)ccn3)N=C21,pyridyl-CF3,9Me-purine,piperidine,fluoroacrylamide,434.4,1.74,0.534,2,0.245
gen_pyridy_9Me-pu_pipe_acety,CC(=O)N1CCC2CCN=c3c(ncn3C)=C(c3cc(C(F)(F)F)ccn3)N=C21,pyridyl-CF3,9Me-purine,piperidine,acetyl,404.4,1.28,0.719,1,0.242
gen_pyridy_9Me-pu_pipe_cyclo,Cn1cnc2c1=NCCC1CCN(C(=O)C3CC3)C1=NC=2c1cc(C(F)(F)F)ccn1,pyridyl-CF3,9Me-purine,piperidine,cyclopropanecarbonyl,430.4,1.67,0.728,2,0.237
gen_pyridy_7-deaz_azet_acryl,C=CC(=O)N1CC2CN=c3[nH]ccc3=C(c3cc(C(F)(F)F)ccn3)N=C21,pyridyl-CF3,7-deazapurine,azetidine,acrylamide,373.3,1.26,0.805,2,0.253
gen_pyridy_7-deaz_azet_cyclo,O=C(C1=CCC1)N1CC2CN=c3[nH]ccc3=C(c3cc(C(F)(F)F)ccn3)N=C21,pyridyl-CF3,7-deazapurine,azetidine,cyclobutenylamide,399.4,1.8,0.836,2,0.258
gen_pyridy_7-deaz_azet_fluor,C=C(F)C(=O)N1CC2CN=c3[nH]ccc3=C(c3cc(C(F)(F)F)ccn3)N=C21,pyridyl-CF3,7-deazapurine,azetidine,fluoroacrylamide,391.3,1.56,0.623,2,0.188
gen_pyridy_7-deaz_azet_acety,CC(=O)N1CC2CN=c3[nH]ccc3=C(c3cc(C(F)(F)F)ccn3)N=C21,pyridyl-CF3,7-deazapurine,azetidine,acetyl,361.3,1.09,0.826,1,0.189
gen_pyridy_7-deaz_azet_cyclo,O=C(C1CC1)N1CC2CN=c3[nH]ccc3=C(c3cc(C(F)(F)F)ccn3)N=C21,pyridyl-CF3,7-deazapurine,azetidine,cyclopropanecarbonyl,387.4,1.49,0.848,2,0.177
gen_pyridy_7-deaz_pyrr_acryl,C=CC(=O)N1CCC2CN=c3[nH]ccc3=C(c3cc(C(F)(F)F)ccn3)N=C21,pyridyl-CF3,7-deazapurine,pyrrolidine,acrylamide,387.4,1.65,0.796,2,0.25
gen_pyridy_7-deaz_pyrr_cyclo,O=C(C1=CCC1)N1CCC2CN=c3[nH]ccc3=C(c3cc(C(F)(F)F)ccn3)N=C21,pyridyl-CF3,7-deazapurine,pyrrolidine,cyclobutenylamide,413.4,2.19,0.82,2,0.24
gen_pyridy_7-deaz_pyrr_fluor,C=C(F)C(=O)N1CCC2CN=c3[nH]ccc3=C(c3cc(C(F)(F)F)ccn3)N=C21,pyridyl-CF3,7-deazapurine,pyrrolidine,fluoroacrylamide,405.4,1.95,0.613,2,0.188
gen_pyridy_7-deaz_pyrr_propi,C#CC(=O)N1CCC2CN=c3[nH]ccc3=C(c3cc(C(F)(F)F)ccn3)N=C21,pyridyl-CF3,7-deazapurine,pyrrolidine,propiolamide,385.3,1.1,0.747,1,0.176
gen_pyridy_7-deaz_pyrr_acety,CC(=O)N1CCC2CN=c3[nH]ccc3=C(c3cc(C(F)(F)F)ccn3)N=C21,pyridyl-CF3,7-deazapurine,pyrrolidine,acetyl,375.4,1.49,0.82,1,0.194
gen_pyridy_7-deaz_pyrr_cyclo,O=C(C1CC1)N1CCC2CN=c3[nH]ccc3=C(c3cc(C(F)(F)F)ccn3)N=C21,pyridyl-CF3,7-deazapurine,pyrrolidine,cyclopropanecarbonyl,401.4,1.88,0.835,2,0.18
gen_pyridy_7-deaz_pipe_acryl,C=CC(=O)N1CCC2CCN=c3[nH]ccc3=C(c3cc(C(F)(F)F)ccn3)N=C21,pyridyl-CF3,7-deazapurine,piperidine,acrylamide,401.4,2.04,0.783,2,0.247
gen_pyridy_7-deaz_pipe_cyclo,O=C(C1=CCC1)N1CCC2CCN=c3[nH]ccc3=C(c3cc(C(F)(F)F)ccn3)N=C21,pyridyl-CF3,7-deazapurine,piperidine,cyclobutenylamide,427.4,2.58,0.8,2,0.235
gen_pyridy_7-deaz_pipe_fluor,C=C(F)C(=O)N1CCC2CCN=c3[nH]ccc3=C(c3cc(C(F)(F)F)ccn3)N=C21,pyridyl-CF3,7-deazapurine,piperidine,fluoroacrylamide,419.4,2.34,0.6,2,0.186
gen_pyridy_7-deaz_pipe_propi,C#CC(=O)N1CCC2CCN=c3[nH]ccc3=C(c3cc(C(F)(F)F)ccn3)N=C21,pyridyl-CF3,7-deazapurine,piperidine,propiolamide,399.4,1.49,0.738,1,0.175
gen_pyridy_7-deaz_pipe_acety,CC(=O)N1CCC2CCN=c3[nH]ccc3=C(c3cc(C(F)(F)F)ccn3)N=C21,pyridyl-CF3,7-deazapurine,piperidine,acetyl,389.4,1.88,0.809,1,0.192
gen_pyridy_7-deaz_pipe_cyclo,O=C(C1CC1)N1CCC2CCN=c3[nH]ccc3=C(c3cc(C(F)(F)F)ccn3)N=C21,pyridyl-CF3,7-deazapurine,piperidine,cyclopropanecarbonyl,415.4,2.27,0.817,2,0.178
gen_pyridy_thieno_azet_acryl,C=CC(=O)N1CC2CN=c3sccc3=C(c3cc(C(F)(F)F)ccn3)N=C21,pyridyl-CF3,thienopyrimidine,azetidine,acrylamide,390.4,1.99,0.737,2,0.267
gen_pyridy_thieno_azet_cyclo,O=C(C1=CCC1)N1CC2CN=c3sccc3=C(c3cc(C(F)(F)F)ccn3)N=C21,pyridyl-CF3,thienopyrimidine,azetidine,cyclobutenylamide,416.4,2.53,0.756,2,0.258
gen_pyridy_thieno_azet_fluor,C=C(F)C(=O)N1CC2CN=c3sccc3=C(c3cc(C(F)(F)F)ccn3)N=C21,pyridyl-CF3,thienopyrimidine,azetidine,fluoroacrylamide,408.4,2.29,0.566,2,0.2
gen_pyridy_thieno_azet_propi,C#CC(=O)N1CC2CN=c3sccc3=C(c3cc(C(F)(F)F)ccn3)N=C21,pyridyl-CF3,thienopyrimidine,azetidine,propiolamide,388.4,1.44,0.695,1,0.188
gen_pyridy_thieno_azet_acety,CC(=O)N1CC2CN=c3sccc3=C(c3cc(C(F)(F)F)ccn3)N=C21,pyridyl-CF3,thienopyrimidine,azetidine,acetyl,378.4,1.83,0.76,1,0.194
gen_pyridy_thieno_azet_cyclo,O=C(C1CC1)N1CC2CN=c3sccc3=C(c3cc(C(F)(F)F)ccn3)N=C21,pyridyl-CF3,thienopyrimidine,azetidine,cyclopropanecarbonyl,404.4,2.22,0.771,2,0.189
gen_pyridy_thieno_pyrr_acryl,C=CC(=O)N1CCC2CN=c3sccc3=C(c3cc(C(F)(F)F)ccn3)N=C21,pyridyl-CF3,thienopyrimidine,pyrrolidine,acrylamide,404.4,2.38,0.722,2,0.25
gen_pyridy_thieno_pyrr_cyclo,O=C(C1=CCC1)N1CCC2CN=c3sccc3=C(c3cc(C(F)(F)F)ccn3)N=C21,pyridyl-CF3,thienopyrimidine,pyrrolidine,cyclobutenylamide,430.5,2.92,0.736,2,0.24
gen_pyridy_thieno_pyrr_fluor,C=C(F)C(=O)N1CCC2CN=c3sccc3=C(c3cc(C(F)(F)F)ccn3)N=C21,pyridyl-CF3,thienopyrimidine,pyrrolidine,fluoroacrylamide,422.4,2.68,0.552,2,0.188
gen_pyridy_thieno_pyrr_propi,C#CC(=O)N1CCC2CN=c3sccc3=C(c3cc(C(F)(F)F)ccn3)N=C21,pyridyl-CF3,thienopyrimidine,pyrrolidine,propiolamide,402.4,1.83,0.684,1,0.176
gen_pyridy_thieno_pyrr_acety,CC(=O)N1CCC2CN=c3sccc3=C(c3cc(C(F)(F)F)ccn3)N=C21,pyridyl-CF3,thienopyrimidine,pyrrolidine,acetyl,392.4,2.22,0.747,1,0.194
gen_pyridy_thieno_pyrr_cyclo,O=C(C1CC1)N1CCC2CN=c3sccc3=C(c3cc(C(F)(F)F)ccn3)N=C21,pyridyl-CF3,thienopyrimidine,pyrrolidine,cyclopropanecarbonyl,418.4,2.61,0.753,2,0.18
gen_pyridy_thieno_pipe_acryl,C=CC(=O)N1CCC2CCN=c3sccc3=C(c3cc(C(F)(F)F)ccn3)N=C21,pyridyl-CF3,thienopyrimidine,piperidine,acrylamide,418.4,2.77,0.705,2,0.247
gen_pyridy_thieno_pipe_cyclo,O=C(C1=CCC1)N1CCC2CCN=c3sccc3=C(c3cc(C(F)(F)F)ccn3)N=C21,pyridyl-CF3,thienopyrimidine,piperidine,cyclobutenylamide,444.5,3.31,0.714,2,0.235
gen_pyridy_thieno_pipe_fluor,C=C(F)C(=O)N1CCC2CCN=c3sccc3=C(c3cc(C(F)(F)F)ccn3)N=C21,pyridyl-CF3,thienopyrimidine,piperidine,fluoroacrylamide,436.4,3.07,0.537,2,0.186
gen_pyridy_thieno_pipe_propi,C#CC(=O)N1CCC2CCN=c3sccc3=C(c3cc(C(F)(F)F)ccn3)N=C21,pyridyl-CF3,thienopyrimidine,piperidine,propiolamide,416.4,2.22,0.67,1,0.175
gen_pyridy_thieno_pipe_acety,CC(=O)N1CCC2CCN=c3sccc3=C(c3cc(C(F)(F)F)ccn3)N=C21,pyridyl-CF3,thienopyrimidine,piperidine,acetyl,406.4,2.61,0.731,1,0.192
gen_pyridy_thieno_pipe_cyclo,O=C(C1CC1)N1CCC2CCN=c3sccc3=C(c3cc(C(F)(F)F)ccn3)N=C21,pyridyl-CF3,thienopyrimidine,piperidine,cyclopropanecarbonyl,432.5,3.0,0.733,2,0.178
