name,smiles,vina,aryl,core,linker,warhead,MW,QED,sim_parent
gen_OCF3-p_7-deaz_pyrr_cyclo,O=C(C1=CCC1)N1CCC2CN=c3[nH]ccc3=C(c3ccc(OC(F)(F)F)cc3)N=C21,-7.752,OCF3-phenyl,7-deazapurine,pyrrolidine,cyclobutenylamide,428.4,0.817,0.376
gen_biphen_7-deaz_pyrr_cyclo,O=C(C1=CCC1)N1CCC2CN=c3[nH]ccc3=C(c3ccc(-c4ccccc4)cc3)N=C21,-7.662,biphenyl,7-deazapurine,pyrrolidine,cyclobutenylamide,420.5,0.693,0.233
gen_pyridy_7-deaz_azet_cyclo,O=C(C1=CCC1)N1CC2CN=c3[nH]ccc3=C(c3cc(C(F)(F)F)ccn3)N=C21,-7.61,pyridyl-CF3,7-deazapurine,azetidine,cyclobutenylamide,399.4,0.836,0.258
"gen_Cl,F-p_7-deaz_pyrr_cyclo",O=C(C1=CCC1)N1CCC2CN=c3[nH]ccc3=C(c3ccc(F)c(Cl)c3)N=C21,-7.509,"Cl,F-phenyl",7-deazapurine,pyrrolidine,cyclobutenylamide,396.9,0.833,0.232
gen_pyridy_7-deaz_azet_cyclo,O=C(C1CC1)N1CC2CN=c3[nH]ccc3=C(c3cc(C(F)(F)F)ccn3)N=C21,-7.485,pyridyl-CF3,7-deazapurine,azetidine,cyclopropanecarbonyl,387.4,0.848,0.177
gen_SF5-ph_thieno_pipe_acryl,C=CC(=O)N1CCC2CCN=c3sccc3=C(c3ccc(S(F)(F)(F)(F)F)cc3)N=C21,-7.456,SF5-phenyl,thienopyrimidine,piperidine,acrylamide,475.5,0.454,0.247
gen_pyridy_7-deaz_azet_fluor,C=C(F)C(=O)N1CC2CN=c3[nH]ccc3=C(c3cc(C(F)(F)F)ccn3)N=C21,-7.44,pyridyl-CF3,7-deazapurine,azetidine,fluoroacrylamide,391.3,0.623,0.188
gen_pyridy_7-deaz_azet_acryl,C=CC(=O)N1CC2CN=c3[nH]ccc3=C(c3cc(C(F)(F)F)ccn3)N=C21,-7.436,pyridyl-CF3,7-deazapurine,azetidine,acrylamide,373.3,0.805,0.253
"gen_Cl,F-p_7-deaz_azet_cyclo",O=C(C1CC1)N1CC2CN=c3[nH]ccc3=C(c3ccc(F)c(Cl)c3)N=C21,-7.413,"Cl,F-phenyl",7-deazapurine,azetidine,cyclopropanecarbonyl,370.8,0.861,0.168
"gen_Cl,F-p_7-deaz_azet_cyclo",O=C(C1=CCC1)N1CC2CN=c3[nH]ccc3=C(c3ccc(F)c(Cl)c3)N=C21,-7.409,"Cl,F-phenyl",7-deazapurine,azetidine,cyclobutenylamide,382.8,0.85,0.25
gen_SF5-ph_7-deaz_azet_propi,C#CC(=O)N1CC2CN=c3[nH]ccc3=C(c3ccc(S(F)(F)(F)(F)F)cc3)N=C21,-7.393,SF5-phenyl,7-deazapurine,azetidine,propiolamide,428.4,0.58,0.172
gen_biphen_7-deaz_azet_propi,C#CC(=O)N1CC2CN=c3[nH]ccc3=C(c3ccc(-c4ccccc4)cc3)N=C21,-7.352,biphenyl,7-deazapurine,azetidine,propiolamide,378.4,0.681,0.165
gen_biphen_7-deaz_azet_cyclo,O=C(C1CC1)N1CC2CN=c3[nH]ccc3=C(c3ccc(-c4ccccc4)cc3)N=C21,-7.349,biphenyl,7-deazapurine,azetidine,cyclopropanecarbonyl,394.5,0.73,0.167
gen_pyridy_7-deaz_pyrr_cyclo,O=C(C1=CCC1)N1CCC2CN=c3[nH]ccc3=C(c3cc(C(F)(F)F)ccn3)N=C21,-7.335,pyridyl-CF3,7-deazapurine,pyrrolidine,cyclobutenylamide,413.4,0.82,0.24
gen_biphen_7-deaz_pyrr_acryl,C=CC(=O)N1CCC2CN=c3[nH]ccc3=C(c3ccc(-c4ccccc4)cc3)N=C21,-7.318,biphenyl,7-deazapurine,pyrrolidine,acrylamide,394.5,0.683,0.244
gen_SF5-ph_7-deaz_pyrr_propi,C#CC(=O)N1CCC2CN=c3[nH]ccc3=C(c3ccc(S(F)(F)(F)(F)F)cc3)N=C21,-7.315,SF5-phenyl,7-deazapurine,pyrrolidine,propiolamide,442.4,0.563,0.173
gen_SF5-ph_7-deaz_azet_fluor,C=C(F)C(=O)N1CC2CN=c3[nH]ccc3=C(c3ccc(S(F)(F)(F)(F)F)cc3)N=C21,-7.304,SF5-phenyl,7-deazapurine,azetidine,fluoroacrylamide,448.4,0.564,0.185
gen_pyridy_7-deaz_pyrr_propi,C#CC(=O)N1CCC2CN=c3[nH]ccc3=C(c3cc(C(F)(F)F)ccn3)N=C21,-7.294,pyridyl-CF3,7-deazapurine,pyrrolidine,propiolamide,385.3,0.747,0.176
"gen_Cl,F-p_7-deaz_azet_propi",C#CC(=O)N1CC2CN=c3[nH]ccc3=C(c3ccc(F)c(Cl)c3)N=C21,-7.269,"Cl,F-phenyl",7-deazapurine,azetidine,propiolamide,354.8,0.766,0.167
gen_SF5-ph_7-deaz_pyrr_cyclo,O=C(C1=CCC1)N1CCC2CN=c3[nH]ccc3=C(c3ccc(S(F)(F)(F)(F)F)cc3)N=C21,-7.264,SF5-phenyl,7-deazapurine,pyrrolidine,cyclobutenylamide,470.5,0.663,0.239
gen_CF3-ph_7-deaz_pyrr_acryl,C=CC(=O)N1CCC2CN=c3[nH]ccc3=C(c3ccc(C(F)(F)F)cc3)N=C21,-7.259,CF3-phenyl,7-deazapurine,pyrrolidine,acrylamide,386.4,0.791,0.278
gen_CF3-ph_7-deaz_azet_cyclo,O=C(C1=CCC1)N1CC2CN=c3[nH]ccc3=C(c3ccc(C(F)(F)F)cc3)N=C21,-7.256,CF3-phenyl,7-deazapurine,azetidine,cyclobutenylamide,398.4,0.83,0.287
gen_biphen_9Me-pu_pyrr_propi,C#CC(=O)N1CCC2CN=c3c(ncn3C)=C(c3ccc(-c4ccccc4)cc3)N=C21,-7.248,biphenyl,9Me-purine,pyrrolidine,propiolamide,407.5,0.608,0.239
gen_pyridy_thieno_azet_cyclo,O=C(C1CC1)N1CC2CN=c3sccc3=C(c3cc(C(F)(F)F)ccn3)N=C21,-7.248,pyridyl-CF3,thienopyrimidine,azetidine,cyclopropanecarbonyl,404.4,0.771,0.189
gen_biphen_7-deaz_pyrr_cyclo,O=C(C1CC1)N1CCC2CN=c3[nH]ccc3=C(c3ccc(-c4ccccc4)cc3)N=C21,-7.246,biphenyl,7-deazapurine,pyrrolidine,cyclopropanecarbonyl,408.5,0.711,0.17
gen_biphen_thieno_pyrr_cyclo,O=C(C1=CCC1)N1CCC2CN=c3sccc3=C(c3ccc(-c4ccccc4)cc3)N=C21,-7.227,biphenyl,thienopyrimidine,pyrrolidine,cyclobutenylamide,437.6,0.607,0.233
gen_SF5-ph_7-deaz_pyrr_acety,CC(=O)N1CCC2CN=c3[nH]ccc3=C(c3ccc(S(F)(F)(F)(F)F)cc3)N=C21,-7.215,SF5-phenyl,7-deazapurine,pyrrolidine,acetyl,432.4,0.723,0.191
"gen_Cl,F-p_7-deaz_pipe_cyclo",O=C(C1=CCC1)N1CCC2CCN=c3[nH]ccc3=C(c3ccc(F)c(Cl)c3)N=C21,-7.21,"Cl,F-phenyl",7-deazapurine,piperidine,cyclobutenylamide,410.9,0.813,0.227
gen_OCF3-p_thieno_pyrr_cyclo,O=C(C1=CCC1)N1CCC2CN=c3sccc3=C(c3ccc(OC(F)(F)F)cc3)N=C21,-7.209,OCF3-phenyl,thienopyrimidine,pyrrolidine,cyclobutenylamide,445.5,0.727,0.376
gen_biphen_7-deaz_pyrr_fluor,C=C(F)C(=O)N1CCC2CN=c3[nH]ccc3=C(c3ccc(-c4ccccc4)cc3)N=C21,-7.208,biphenyl,7-deazapurine,pyrrolidine,fluoroacrylamide,412.5,0.66,0.189
"gen_Cl,F-p_7-deaz_azet_fluor",C=C(F)C(=O)N1CC2CN=c3[nH]ccc3=C(c3ccc(F)c(Cl)c3)N=C21,-7.172,"Cl,F-phenyl",7-deazapurine,azetidine,fluoroacrylamide,374.8,0.802,0.179
gen_biphen_7-deaz_azet_acryl,C=CC(=O)N1CC2CN=c3[nH]ccc3=C(c3ccc(-c4ccccc4)cc3)N=C21,-7.171,biphenyl,7-deazapurine,azetidine,acrylamide,380.5,0.698,0.247
gen_pyridy_thieno_azet_acety,CC(=O)N1CC2CN=c3sccc3=C(c3cc(C(F)(F)F)ccn3)N=C21,-7.166,pyridyl-CF3,thienopyrimidine,azetidine,acetyl,378.4,0.76,0.194
gen_pyridy_7-deaz_azet_acety,CC(=O)N1CC2CN=c3[nH]ccc3=C(c3cc(C(F)(F)F)ccn3)N=C21,-7.16,pyridyl-CF3,7-deazapurine,azetidine,acetyl,361.3,0.826,0.189
gen_pyridy_thieno_pipe_cyclo,O=C(C1=CCC1)N1CCC2CCN=c3sccc3=C(c3cc(C(F)(F)F)ccn3)N=C21,-7.158,pyridyl-CF3,thienopyrimidine,piperidine,cyclobutenylamide,444.5,0.714,0.235
gen_CF3-ph_7-deaz_pipe_propi,C#CC(=O)N1CCC2CCN=c3[nH]ccc3=C(c3ccc(C(F)(F)F)cc3)N=C21,-7.158,CF3-phenyl,7-deazapurine,piperidine,propiolamide,398.4,0.735,0.196
gen_SF5-ph_7-deaz_pyrr_cyclo,O=C(C1CC1)N1CCC2CN=c3[nH]ccc3=C(c3ccc(S(F)(F)(F)(F)F)cc3)N=C21,-7.151,SF5-phenyl,7-deazapurine,pyrrolidine,cyclopropanecarbonyl,458.5,0.692,0.177
gen_OCF3-p_thieno_azet_cyclo,O=C(C1CC1)N1CC2CN=c3sccc3=C(c3ccc(OC(F)(F)F)cc3)N=C21,-7.148,OCF3-phenyl,thienopyrimidine,azetidine,cyclopropanecarbonyl,419.4,0.768,0.321
gen_SF5-ph_7-deaz_pipe_acety,CC(=O)N1CCC2CCN=c3[nH]ccc3=C(c3ccc(S(F)(F)(F)(F)F)cc3)N=C21,-7.127,SF5-phenyl,7-deazapurine,piperidine,acetyl,446.4,0.694,0.189
gen_pyridy_7-deaz_pyrr_fluor,C=C(F)C(=O)N1CCC2CN=c3[nH]ccc3=C(c3cc(C(F)(F)F)ccn3)N=C21,-7.106,pyridyl-CF3,7-deazapurine,pyrrolidine,fluoroacrylamide,405.4,0.613,0.188
gen_SF5-ph_9Me-pu_pyrr_cyclo,Cn1cnc2c1=NCC1CCN(C(=O)C3=CCC3)C1=NC=2c1ccc(S(F)(F)(F)(F)F)cc1,-7.106,SF5-phenyl,9Me-purine,pyrrolidine,cyclobutenylamide,485.5,0.621,0.318
"gen_Cl,F-p_7-deaz_azet_acety",CC(=O)N1CC2CN=c3[nH]ccc3=C(c3ccc(F)c(Cl)c3)N=C21,-7.105,"Cl,F-phenyl",7-deazapurine,azetidine,acetyl,344.8,0.836,0.181
gen_biphen_7-deaz_azet_cyclo,O=C(C1=CCC1)N1CC2CN=c3[nH]ccc3=C(c3ccc(-c4ccccc4)cc3)N=C21,-7.061,biphenyl,7-deazapurine,azetidine,cyclobutenylamide,406.5,0.714,0.253
gen_CF3-ph_9Me-pu_pyrr_propi,C#CC(=O)N1CCC2CN=c3c(ncn3C)=C(c3ccc(C(F)(F)F)cc3)N=C21,-7.055,CF3-phenyl,9Me-purine,pyrrolidine,propiolamide,399.4,0.675,0.272
gen_pyridy_7-deaz_pyrr_acryl,C=CC(=O)N1CCC2CN=c3[nH]ccc3=C(c3cc(C(F)(F)F)ccn3)N=C21,-7.054,pyridyl-CF3,7-deazapurine,pyrrolidine,acrylamide,387.4,0.796,0.25
gen_biphen_9Me-pu_azet_cyclo,Cn1cnc2c1=NCC1CN(C(=O)C3=CCC3)C1=NC=2c1ccc(-c2ccccc2)cc1,-7.052,biphenyl,9Me-purine,azetidine,cyclobutenylamide,421.5,0.652,0.337
"gen_Cl,F-p_7-deaz_pyrr_cyclo",O=C(C1CC1)N1CCC2CN=c3[nH]ccc3=C(c3ccc(F)c(Cl)c3)N=C21,-7.04,"Cl,F-phenyl",7-deazapurine,pyrrolidine,cyclopropanecarbonyl,384.8,0.848,0.172
gen_biphen_thieno_azet_cyclo,O=C(C1=CCC1)N1CC2CN=c3sccc3=C(c3ccc(-c4ccccc4)cc3)N=C21,-7.037,biphenyl,thienopyrimidine,azetidine,cyclobutenylamide,423.5,0.632,0.253
gen_SF5-ph_thieno_pyrr_propi,C#CC(=O)N1CCC2CN=c3sccc3=C(c3ccc(S(F)(F)(F)(F)F)cc3)N=C21,-7.029,SF5-phenyl,thienopyrimidine,pyrrolidine,propiolamide,459.5,0.493,0.173
gen_CF3-ph_7-deaz_azet_propi,C#CC(=O)N1CC2CN=c3[nH]ccc3=C(c3ccc(C(F)(F)F)cc3)N=C21,-7.025,CF3-phenyl,7-deazapurine,azetidine,propiolamide,370.3,0.756,0.198
gen_CF3-ph_7-deaz_pyrr_fluor,C=C(F)C(=O)N1CCC2CN=c3[nH]ccc3=C(c3ccc(C(F)(F)F)cc3)N=C21,-7.014,CF3-phenyl,7-deazapurine,pyrrolidine,fluoroacrylamide,404.4,0.607,0.211
gen_pyridy_9Me-pu_pyrr_fluor,C=C(F)C(=O)N1CCC2CN=c3c(ncn3C)=C(c3cc(C(F)(F)F)ccn3)N=C21,-7.011,pyridyl-CF3,9Me-purine,pyrrolidine,fluoroacrylamide,420.4,0.544,0.247
"gen_Cl,F-p_7-deaz_pyrr_acryl",C=CC(=O)N1CCC2CN=c3[nH]ccc3=C(c3ccc(F)c(Cl)c3)N=C21,-7.007,"Cl,F-phenyl",7-deazapurine,pyrrolidine,acrylamide,370.8,0.808,0.242
"gen_Cl,F-p_thieno_azet_propi",C#CC(=O)N1CC2CN=c3sccc3=C(c3ccc(F)c(Cl)c3)N=C21,-7.005,"Cl,F-phenyl",thienopyrimidine,azetidine,propiolamide,371.8,0.705,0.179
gen_CF3-ph_7-deaz_pyrr_propi,C#CC(=O)N1CCC2CN=c3[nH]ccc3=C(c3ccc(C(F)(F)F)cc3)N=C21,-7.004,CF3-phenyl,7-deazapurine,pyrrolidine,propiolamide,384.4,0.748,0.198
"gen_Cl,F-p_7-deaz_pyrr_propi",C#CC(=O)N1CCC2CN=c3[nH]ccc3=C(c3ccc(F)c(Cl)c3)N=C21,-7.003,"Cl,F-phenyl",7-deazapurine,pyrrolidine,propiolamide,368.8,0.761,0.168
gen_SF5-ph_7-deaz_azet_cyclo,O=C(C1=CCC1)N1CC2CN=c3[nH]ccc3=C(c3ccc(S(F)(F)(F)(F)F)cc3)N=C21,-6.997,SF5-phenyl,7-deazapurine,azetidine,cyclobutenylamide,456.4,0.697,0.258
gen_biphen_7-deaz_azet_acety,CC(=O)N1CC2CN=c3[nH]ccc3=C(c3ccc(-c4ccccc4)cc3)N=C21,-6.971,biphenyl,7-deazapurine,azetidine,acetyl,368.4,0.742,0.18
gen_pyridy_thieno_azet_acryl,C=CC(=O)N1CC2CN=c3sccc3=C(c3cc(C(F)(F)F)ccn3)N=C21,-6.958,pyridyl-CF3,thienopyrimidine,azetidine,acrylamide,390.4,0.737,0.267
"gen_Cl,F-p_7-deaz_pyrr_fluor",C=C(F)C(=O)N1CCC2CN=c3[nH]ccc3=C(c3ccc(F)c(Cl)c3)N=C21,-6.945,"Cl,F-phenyl",7-deazapurine,pyrrolidine,fluoroacrylamide,388.8,0.789,0.18
gen_pyridy_7-deaz_pipe_acryl,C=CC(=O)N1CCC2CCN=c3[nH]ccc3=C(c3cc(C(F)(F)F)ccn3)N=C21,-6.942,pyridyl-CF3,7-deazapurine,piperidine,acrylamide,401.4,0.783,0.247
gen_CN-phe_thieno_azet_cyclo,N#Cc1ccc(C2=c3ccsc3=NCC3CN(C(=O)C4=CCC4)C3=N2)cc1,-6.94,CN-phenyl,thienopyrimidine,azetidine,cyclobutenylamide,372.5,0.809,0.244
gen_SF5-ph_thieno_azet_propi,C#CC(=O)N1CC2CN=c3sccc3=C(c3ccc(S(F)(F)(F)(F)F)cc3)N=C21,-6.938,SF5-phenyl,thienopyrimidine,azetidine,propiolamide,445.4,0.514,0.185
gen_SF5-ph_9Me-pu_pipe_cyclo,Cn1cnc2c1=NCCC1CCN(C(=O)C3CC3)C1=NC=2c1ccc(S(F)(F)(F)(F)F)cc1,-6.937,SF5-phenyl,9Me-purine,piperidine,cyclopropanecarbonyl,487.5,0.617,0.247
gen_SF5-ph_7-deaz_pipe_acryl,C=CC(=O)N1CCC2CCN=c3[nH]ccc3=C(c3ccc(S(F)(F)(F)(F)F)cc3)N=C21,-6.924,SF5-phenyl,7-deazapurine,piperidine,acrylamide,458.5,0.542,0.247
gen_CF3-ph_thieno_azet_propi,C#CC(=O)N1CC2CN=c3sccc3=C(c3ccc(C(F)(F)F)cc3)N=C21,-6.922,CF3-phenyl,thienopyrimidine,azetidine,propiolamide,387.4,0.691,0.211
gen_SF5-ph_7-deaz_pyrr_acryl,C=CC(=O)N1CCC2CN=c3[nH]ccc3=C(c3ccc(S(F)(F)(F)(F)F)cc3)N=C21,-6.916,SF5-phenyl,7-deazapurine,pyrrolidine,acrylamide,444.4,0.567,0.25
gen_SF5-ph_7-deaz_azet_cyclo,O=C(C1CC1)N1CC2CN=c3[nH]ccc3=C(c3ccc(S(F)(F)(F)(F)F)cc3)N=C21,-6.907,SF5-phenyl,7-deazapurine,azetidine,cyclopropanecarbonyl,444.4,0.721,0.174
"gen_Cl,F-p_7-deaz_pyrr_acety",CC(=O)N1CCC2CN=c3[nH]ccc3=C(c3ccc(F)c(Cl)c3)N=C21,-6.898,"Cl,F-phenyl",7-deazapurine,pyrrolidine,acetyl,358.8,0.831,0.186
gen_pyridy_thieno_azet_propi,C#CC(=O)N1CC2CN=c3sccc3=C(c3cc(C(F)(F)F)ccn3)N=C21,-6.897,pyridyl-CF3,thienopyrimidine,azetidine,propiolamide,388.4,0.695,0.188
"gen_Cl,F-p_thieno_pyrr_acety",CC(=O)N1CCC2CN=c3sccc3=C(c3ccc(F)c(Cl)c3)N=C21,-6.885,"Cl,F-phenyl",thienopyrimidine,pyrrolidine,acetyl,375.9,0.755,0.186
gen_OCHF2-_7-deaz_pyrr_acryl,C=CC(=O)N1CCC2CN=c3[nH]ccc3=C(c3ccc(OC(F)F)cc3)N=C21,-6.875,OCHF2-phenyl,7-deazapurine,pyrrolidine,acrylamide,384.4,0.818,0.283
gen_CF3-ph_7-deaz_azet_acryl,C=CC(=O)N1CC2CN=c3[nH]ccc3=C(c3ccc(C(F)(F)F)cc3)N=C21,-6.874,CF3-phenyl,7-deazapurine,azetidine,acrylamide,372.4,0.804,0.282
gen_SF5-ph_thieno_pyrr_cyclo,O=C(C1=CCC1)N1CCC2CN=c3sccc3=C(c3ccc(S(F)(F)(F)(F)F)cc3)N=C21,-6.873,SF5-phenyl,thienopyrimidine,pyrrolidine,cyclobutenylamide,487.5,0.552,0.239
gen_SF5-ph_thieno_azet_acryl,C=CC(=O)N1CC2CN=c3sccc3=C(c3ccc(S(F)(F)(F)(F)F)cc3)N=C21,-6.854,SF5-phenyl,thienopyrimidine,azetidine,acrylamide,447.5,0.513,0.267
gen_pyridy_7-deaz_pipe_acety,CC(=O)N1CCC2CCN=c3[nH]ccc3=C(c3cc(C(F)(F)F)ccn3)N=C21,-6.849,pyridyl-CF3,7-deazapurine,piperidine,acetyl,389.4,0.809,0.192
gen_CF3-ph_7-deaz_azet_cyclo,O=C(C1CC1)N1CC2CN=c3[nH]ccc3=C(c3ccc(C(F)(F)F)cc3)N=C21,-6.845,CF3-phenyl,7-deazapurine,azetidine,cyclopropanecarbonyl,386.4,0.844,0.202
"gen_Cl,F-p_thieno_azet_fluor",C=C(F)C(=O)N1CC2CN=c3sccc3=C(c3ccc(F)c(Cl)c3)N=C21,-6.838,"Cl,F-phenyl",thienopyrimidine,azetidine,fluoroacrylamide,391.8,0.726,0.191
"gen_Cl,F-p_thieno_azet_cyclo",O=C(C1=CCC1)N1CC2CN=c3sccc3=C(c3ccc(F)c(Cl)c3)N=C21,-6.834,"Cl,F-phenyl",thienopyrimidine,azetidine,cyclobutenylamide,399.9,0.765,0.25
gen_CN-phe_7-deaz_azet_cyclo,N#Cc1ccc(C2=c3cc[nH]c3=NCC3CN(C(=O)C4=CCC4)C3=N2)cc1,-6.83,CN-phenyl,7-deazapurine,azetidine,cyclobutenylamide,355.4,0.879,0.244
gen_SF5-ph_thieno_azet_cyclo,O=C(C1=CCC1)N1CC2CN=c3sccc3=C(c3ccc(S(F)(F)(F)(F)F)cc3)N=C21,-6.829,SF5-phenyl,thienopyrimidine,azetidine,cyclobutenylamide,473.5,0.593,0.258
gen_OCF3-p_7-deaz_azet_propi,C#CC(=O)N1CC2CN=c3[nH]ccc3=C(c3ccc(OC(F)(F)F)cc3)N=C21,-6.823,OCF3-phenyl,7-deazapurine,azetidine,propiolamide,386.3,0.788,0.302
gen_CN-phe_thieno_azet_acryl,C=CC(=O)N1CC2CN=c3sccc3=C(c3ccc(C#N)cc3)N=C21,-6.818,CN-phenyl,thienopyrimidine,azetidine,acrylamide,346.4,0.773,0.253
gen_pyridy_thieno_pyrr_cyclo,O=C(C1=CCC1)N1CCC2CN=c3sccc3=C(c3cc(C(F)(F)F)ccn3)N=C21,-6.816,pyridyl-CF3,thienopyrimidine,pyrrolidine,cyclobutenylamide,430.5,0.736,0.24
gen_OCF3-p_7-deaz_pyrr_propi,C#CC(=O)N1CCC2CN=c3[nH]ccc3=C(c3ccc(OC(F)(F)F)cc3)N=C21,-6.815,OCF3-phenyl,7-deazapurine,pyrrolidine,propiolamide,400.4,0.778,0.297
gen_CF3-ph_7-deaz_azet_fluor,C=C(F)C(=O)N1CC2CN=c3[nH]ccc3=C(c3ccc(C(F)(F)F)cc3)N=C21,-6.802,CF3-phenyl,7-deazapurine,azetidine,fluoroacrylamide,390.3,0.62,0.211
gen_OCHF2-_7-deaz_pyrr_cyclo,O=C(C1=CCC1)N1CCC2CN=c3[nH]ccc3=C(c3ccc(OC(F)F)cc3)N=C21,-6.802,OCHF2-phenyl,7-deazapurine,pyrrolidine,cyclobutenylamide,410.4,0.841,0.272
gen_pyridy_7-deaz_pyrr_acety,CC(=O)N1CCC2CN=c3[nH]ccc3=C(c3cc(C(F)(F)F)ccn3)N=C21,-6.802,pyridyl-CF3,7-deazapurine,pyrrolidine,acetyl,375.4,0.82,0.194
"gen_Cl,F-p_7-deaz_azet_acryl",C=CC(=O)N1CC2CN=c3[nH]ccc3=C(c3ccc(F)c(Cl)c3)N=C21,-6.784,"Cl,F-phenyl",7-deazapurine,azetidine,acrylamide,356.8,0.817,0.244
gen_SF5-ph_thieno_pyrr_acryl,C=CC(=O)N1CCC2CN=c3sccc3=C(c3ccc(S(F)(F)(F)(F)F)cc3)N=C21,-6.753,SF5-phenyl,thienopyrimidine,pyrrolidine,acrylamide,461.5,0.486,0.25
gen_OCF3-p_7-deaz_pyrr_acryl,C=CC(=O)N1CCC2CN=c3[nH]ccc3=C(c3ccc(OC(F)(F)F)cc3)N=C21,-6.751,OCF3-phenyl,7-deazapurine,pyrrolidine,acrylamide,402.4,0.8,0.388
gen_SF5-ph_9Me-pu_azet_cyclo,Cn1cnc2c1=NCC1CN(C(=O)C3=CCC3)C1=NC=2c1ccc(S(F)(F)(F)(F)F)cc1,-6.75,SF5-phenyl,9Me-purine,azetidine,cyclobutenylamide,471.5,0.644,0.341
gen_biphen_7-deaz_pyrr_acety,CC(=O)N1CCC2CN=c3[nH]ccc3=C(c3ccc(-c4ccccc4)cc3)N=C21,-6.748,biphenyl,7-deazapurine,pyrrolidine,acetyl,382.5,0.728,0.185
gen_pyridy_7-deaz_pyrr_cyclo,O=C(C1CC1)N1CCC2CN=c3[nH]ccc3=C(c3cc(C(F)(F)F)ccn3)N=C21,-6.747,pyridyl-CF3,7-deazapurine,pyrrolidine,cyclopropanecarbonyl,401.4,0.835,0.18
"gen_Cl,F-p_thieno_pipe_acety",CC(=O)N1CCC2CCN=c3sccc3=C(c3ccc(F)c(Cl)c3)N=C21,-6.742,"Cl,F-phenyl",thienopyrimidine,piperidine,acetyl,389.9,0.739,0.184
gen_OCHF2-_7-deaz_pyrr_propi,C#CC(=O)N1CCC2CN=c3[nH]ccc3=C(c3ccc(OC(F)F)cc3)N=C21,-6.732,OCHF2-phenyl,7-deazapurine,pyrrolidine,propiolamide,382.4,0.813,0.204
"gen_Cl,F-p_thieno_pyrr_cyclo",O=C(C1CC1)N1CCC2CN=c3sccc3=C(c3ccc(F)c(Cl)c3)N=C21,-6.73,"Cl,F-phenyl",thienopyrimidine,pyrrolidine,cyclopropanecarbonyl,401.9,0.763,0.172
"gen_Cl,F-p_thieno_azet_acety",CC(=O)N1CC2CN=c3sccc3=C(c3ccc(F)c(Cl)c3)N=C21,-6.727,"Cl,F-phenyl",thienopyrimidine,azetidine,acetyl,361.8,0.768,0.185
gen_OCF3-p_7-deaz_azet_cyclo,O=C(C1=CCC1)N1CC2CN=c3[nH]ccc3=C(c3ccc(OC(F)(F)F)cc3)N=C21,-6.724,OCF3-phenyl,7-deazapurine,azetidine,cyclobutenylamide,414.4,0.837,0.402
"gen_Cl,F-p_thieno_pyrr_cyclo",O=C(C1=CCC1)N1CCC2CN=c3sccc3=C(c3ccc(F)c(Cl)c3)N=C21,-6.718,"Cl,F-phenyl",thienopyrimidine,pyrrolidine,cyclobutenylamide,413.9,0.745,0.232
"gen_Cl,F-p_9Me-pu_azet_cyclo",Cn1cnc2c1=NCC1CN(C(=O)C3CC3)C1=NC=2c1ccc(F)c(Cl)c1,-6.716,"Cl,F-phenyl",9Me-purine,azetidine,cyclopropanecarbonyl,385.8,0.781,0.237
gen_biphen_7-deaz_pipe_propi,C#CC(=O)N1CCC2CCN=c3[nH]ccc3=C(c3ccc(-c4ccccc4)cc3)N=C21,-6.716,biphenyl,7-deazapurine,piperidine,propiolamide,406.5,0.654,0.165
gen_pyridy_thieno_azet_cyclo,O=C(C1=CCC1)N1CC2CN=c3sccc3=C(c3cc(C(F)(F)F)ccn3)N=C21,-6.71,pyridyl-CF3,thienopyrimidine,azetidine,cyclobutenylamide,416.4,0.756,0.258
gen_OCHF2-_thieno_azet_cyclo,O=C(C1CC1)N1CC2CN=c3sccc3=C(c3ccc(OC(F)F)cc3)N=C21,-6.704,OCHF2-phenyl,thienopyrimidine,azetidine,cyclopropanecarbonyl,401.4,0.79,0.22
"gen_Cl,F-p_thieno_azet_cyclo",O=C(C1CC1)N1CC2CN=c3sccc3=C(c3ccc(F)c(Cl)c3)N=C21,-6.702,"Cl,F-phenyl",thienopyrimidine,azetidine,cyclopropanecarbonyl,387.9,0.781,0.181
gen_CF3-ph_7-deaz_pyrr_acety,CC(=O)N1CCC2CN=c3[nH]ccc3=C(c3ccc(C(F)(F)F)cc3)N=C21,-6.7,CF3-phenyl,7-deazapurine,pyrrolidine,acetyl,374.4,0.817,0.217
gen_biphen_thieno_azet_acryl,C=CC(=O)N1CC2CN=c3sccc3=C(c3ccc(-c4ccccc4)cc3)N=C21,-6.693,biphenyl,thienopyrimidine,azetidine,acrylamide,397.5,0.626,0.262
gen_biphen_9Me-pu_pyrr_cyclo,Cn1cnc2c1=NCC1CCN(C(=O)C3CC3)C1=NC=2c1ccc(-c2ccccc2)cc1,-6.689,biphenyl,9Me-purine,pyrrolidine,cyclopropanecarbonyl,423.5,0.65,0.244
gen_SF5-ph_thieno_azet_acety,CC(=O)N1CC2CN=c3sccc3=C(c3ccc(S(F)(F)(F)(F)F)cc3)N=C21,-6.685,SF5-phenyl,thienopyrimidine,azetidine,acetyl,435.4,0.656,0.191
gen_SF5-ph_7-deaz_azet_acryl,C=CC(=O)N1CC2CN=c3[nH]ccc3=C(c3ccc(S(F)(F)(F)(F)F)cc3)N=C21,-6.68,SF5-phenyl,7-deazapurine,azetidine,acrylamide,430.4,0.588,0.253
gen_OCHF2-_9Me-pu_pyrr_cyclo,Cn1cnc2c1=NCC1CCN(C(=O)C3=CCC3)C1=NC=2c1ccc(OC(F)F)cc1,-6.678,OCHF2-phenyl,9Me-purine,pyrrolidine,cyclobutenylamide,425.4,0.75,0.352
gen_OCF3-p_7-deaz_pyrr_cyclo,O=C(C1CC1)N1CCC2CN=c3[nH]ccc3=C(c3ccc(OC(F)(F)F)cc3)N=C21,-6.674,OCF3-phenyl,7-deazapurine,pyrrolidine,cyclopropanecarbonyl,416.4,0.835,0.303
gen_CF3-ph_7-deaz_pyrr_cyclo,O=C(C1=CCC1)N1CCC2CN=c3[nH]ccc3=C(c3ccc(C(F)(F)F)cc3)N=C21,-6.662,CF3-phenyl,7-deazapurine,pyrrolidine,cyclobutenylamide,412.4,0.81,0.267
gen_SF5-ph_thieno_azet_fluor,C=C(F)C(=O)N1CC2CN=c3sccc3=C(c3ccc(S(F)(F)(F)(F)F)cc3)N=C21,-6.662,SF5-phenyl,thienopyrimidine,azetidine,fluoroacrylamide,465.4,0.485,0.198
gen_biphen_7-deaz_azet_fluor,C=C(F)C(=O)N1CC2CN=c3[nH]ccc3=C(c3ccc(-c4ccccc4)cc3)N=C21,-6.657,biphenyl,7-deazapurine,azetidine,fluoroacrylamide,398.4,0.678,0.189
"gen_Cl,F-p_7-deaz_pipe_cyclo",O=C(C1CC1)N1CCC2CCN=c3[nH]ccc3=C(c3ccc(F)c(Cl)c3)N=C21,-6.654,"Cl,F-phenyl",7-deazapurine,piperidine,cyclopropanecarbonyl,398.9,0.83,0.17
gen_SF5-ph_7-deaz_pipe_propi,C#CC(=O)N1CCC2CCN=c3[nH]ccc3=C(c3ccc(S(F)(F)(F)(F)F)cc3)N=C21,-6.653,SF5-phenyl,7-deazapurine,piperidine,propiolamide,456.4,0.543,0.172
"gen_Cl,F-p_9Me-pu_azet_cyclo",Cn1cnc2c1=NCC1CN(C(=O)C3=CCC3)C1=NC=2c1ccc(F)c(Cl)c1,-6.638,"Cl,F-phenyl",9Me-purine,azetidine,cyclobutenylamide,397.8,0.772,0.33
gen_OCHF2-_7-deaz_azet_cyclo,O=C(C1CC1)N1CC2CN=c3[nH]ccc3=C(c3ccc(OC(F)F)cc3)N=C21,-6.638,OCHF2-phenyl,7-deazapurine,azetidine,cyclopropanecarbonyl,384.4,0.871,0.207
"gen_Cl,F-p_7-deaz_pipe_acety",CC(=O)N1CCC2CCN=c3[nH]ccc3=C(c3ccc(F)c(Cl)c3)N=C21,-6.632,"Cl,F-phenyl",7-deazapurine,piperidine,acetyl,372.8,0.82,0.184
gen_OCF3-p_thieno_azet_fluor,C=C(F)C(=O)N1CC2CN=c3sccc3=C(c3ccc(OC(F)(F)F)cc3)N=C21,-6.628,OCF3-phenyl,thienopyrimidine,azetidine,fluoroacrylamide,423.4,0.563,0.333
gen_SF5-ph_thieno_azet_cyclo,O=C(C1CC1)N1CC2CN=c3sccc3=C(c3ccc(S(F)(F)(F)(F)F)cc3)N=C21,-6.624,SF5-phenyl,thienopyrimidine,azetidine,cyclopropanecarbonyl,461.5,0.623,0.187
gen_SF5-ph_7-deaz_azet_acety,CC(=O)N1CC2CN=c3[nH]ccc3=C(c3ccc(S(F)(F)(F)(F)F)cc3)N=C21,-6.622,SF5-phenyl,7-deazapurine,azetidine,acetyl,418.4,0.748,0.187
gen_biphen_thieno_azet_acety,CC(=O)N1CC2CN=c3sccc3=C(c3ccc(-c4ccccc4)cc3)N=C21,-6.622,biphenyl,thienopyrimidine,azetidine,acetyl,385.5,0.669,0.184
"gen_Cl,F-p_thieno_pyrr_propi",C#CC(=O)N1CCC2CN=c3sccc3=C(c3ccc(F)c(Cl)c3)N=C21,-6.613,"Cl,F-phenyl",thienopyrimidine,pyrrolidine,propiolamide,385.9,0.694,0.168
gen_SF5-ph_9Me-pu_azet_acryl,C=CC(=O)N1CC2CN=c3c(ncn3C)=C(c3ccc(S(F)(F)(F)(F)F)cc3)N=C21,-6.609,SF5-phenyl,9Me-purine,azetidine,acrylamide,445.4,0.539,0.321
gen_SF5-ph_7-deaz_pipe_cyclo,O=C(C1CC1)N1CCC2CCN=c3[nH]ccc3=C(c3ccc(S(F)(F)(F)(F)F)cc3)N=C21,-6.608,SF5-phenyl,7-deazapurine,piperidine,cyclopropanecarbonyl,472.5,0.657,0.175
gen_pyridy_thieno_pipe_fluor,C=C(F)C(=O)N1CCC2CCN=c3sccc3=C(c3cc(C(F)(F)F)ccn3)N=C21,-6.6,pyridyl-CF3,thienopyrimidine,piperidine,fluoroacrylamide,436.4,0.537,0.186
"gen_Cl,F-p_7-deaz_pipe_propi",C#CC(=O)N1CCC2CCN=c3[nH]ccc3=C(c3ccc(F)c(Cl)c3)N=C21,-6.595,"Cl,F-phenyl",7-deazapurine,piperidine,propiolamide,382.8,0.752,0.167
gen_biphen_thieno_pyrr_propi,C#CC(=O)N1CCC2CN=c3sccc3=C(c3ccc(-c4ccccc4)cc3)N=C21,-6.594,biphenyl,thienopyrimidine,pyrrolidine,propiolamide,409.5,0.6,0.167
gen_OCF3-p_thieno_pyrr_fluor,C=C(F)C(=O)N1CCC2CN=c3sccc3=C(c3ccc(OC(F)(F)F)cc3)N=C21,-6.594,OCF3-phenyl,thienopyrimidine,pyrrolidine,fluoroacrylamide,437.4,0.547,0.311
gen_biphen_7-deaz_pipe_fluor,C=C(F)C(=O)N1CCC2CCN=c3[nH]ccc3=C(c3ccc(-c4ccccc4)cc3)N=C21,-6.593,biphenyl,7-deazapurine,piperidine,fluoroacrylamide,426.5,0.64,0.188
gen_SF5-ph_9Me-pu_pipe_acryl,C=CC(=O)N1CCC2CCN=c3c(ncn3C)=C(c3ccc(S(F)(F)(F)(F)F)cc3)N=C21,-6.59,SF5-phenyl,9Me-purine,piperidine,acrylamide,473.5,0.504,0.326
gen_biphen_thieno_azet_cyclo,O=C(C1CC1)N1CC2CN=c3sccc3=C(c3ccc(-c4ccccc4)cc3)N=C21,-6.587,biphenyl,thienopyrimidine,azetidine,cyclopropanecarbonyl,411.5,0.651,0.18
gen_SF5-ph_9Me-pu_pyrr_propi,C#CC(=O)N1CCC2CN=c3c(ncn3C)=C(c3ccc(S(F)(F)(F)(F)F)cc3)N=C21,-6.583,SF5-phenyl,9Me-purine,pyrrolidine,propiolamide,457.4,0.514,0.245
gen_pyridy_thieno_pyrr_acryl,C=CC(=O)N1CCC2CN=c3sccc3=C(c3cc(C(F)(F)F)ccn3)N=C21,-6.58,pyridyl-CF3,thienopyrimidine,pyrrolidine,acrylamide,404.4,0.722,0.25
gen_OCF3-p_thieno_pyrr_propi,C#CC(=O)N1CCC2CN=c3sccc3=C(c3ccc(OC(F)(F)F)cc3)N=C21,-6.574,OCF3-phenyl,thienopyrimidine,pyrrolidine,propiolamide,417.4,0.705,0.297
gen_OCF3-p_thieno_pyrr_cyclo,O=C(C1CC1)N1CCC2CN=c3sccc3=C(c3ccc(OC(F)(F)F)cc3)N=C21,-6.572,OCF3-phenyl,thienopyrimidine,pyrrolidine,cyclopropanecarbonyl,433.5,0.747,0.303
gen_CF3-ph_thieno_azet_acryl,C=CC(=O)N1CC2CN=c3sccc3=C(c3ccc(C(F)(F)F)cc3)N=C21,-6.571,CF3-phenyl,thienopyrimidine,azetidine,acrylamide,389.4,0.729,0.298
gen_SF5-ph_thieno_pipe_fluor,C=C(F)C(=O)N1CCC2CCN=c3sccc3=C(c3ccc(S(F)(F)(F)(F)F)cc3)N=C21,-6.564,SF5-phenyl,thienopyrimidine,piperidine,fluoroacrylamide,493.5,0.422,0.184
gen_biphen_9Me-pu_azet_acety,CC(=O)N1CC2CN=c3c(ncn3C)=C(c3ccc(-c4ccccc4)cc3)N=C21,-6.558,biphenyl,9Me-purine,azetidine,acetyl,383.5,0.677,0.247
gen_CN-phe_thieno_pyrr_propi,C#CC(=O)N1CCC2CN=c3sccc3=C(c3ccc(C#N)cc3)N=C21,-6.552,CN-phenyl,thienopyrimidine,pyrrolidine,propiolamide,358.4,0.721,0.163
gen_biphen_9Me-pu_pyrr_acety,CC(=O)N1CCC2CN=c3c(ncn3C)=C(c3ccc(-c4ccccc4)cc3)N=C21,-6.549,biphenyl,9Me-purine,pyrrolidine,acetyl,397.5,0.665,0.25
gen_SF5-ph_7-deaz_pipe_cyclo,O=C(C1=CCC1)N1CCC2CCN=c3[nH]ccc3=C(c3ccc(S(F)(F)(F)(F)F)cc3)N=C21,-6.549,SF5-phenyl,7-deazapurine,piperidine,cyclobutenylamide,484.5,0.624,0.234
gen_pyridy_7-deaz_pipe_fluor,C=C(F)C(=O)N1CCC2CCN=c3[nH]ccc3=C(c3cc(C(F)(F)F)ccn3)N=C21,-6.547,pyridyl-CF3,7-deazapurine,piperidine,fluoroacrylamide,419.4,0.6,0.186
gen_OCF3-p_7-deaz_azet_fluor,C=C(F)C(=O)N1CC2CN=c3[nH]ccc3=C(c3ccc(OC(F)(F)F)cc3)N=C21,-6.536,OCF3-phenyl,7-deazapurine,azetidine,fluoroacrylamide,406.3,0.626,0.318
gen_CF3-ph_thieno_azet_acety,CC(=O)N1CC2CN=c3sccc3=C(c3ccc(C(F)(F)F)cc3)N=C21,-6.535,CF3-phenyl,thienopyrimidine,azetidine,acetyl,377.4,0.753,0.218
gen_biphen_9Me-pu_azet_propi,C#CC(=O)N1CC2CN=c3c(ncn3C)=C(c3ccc(-c4ccccc4)cc3)N=C21,-6.533,biphenyl,9Me-purine,azetidine,propiolamide,393.5,0.618,0.236
gen_pyridy_thieno_azet_fluor,C=C(F)C(=O)N1CC2CN=c3sccc3=C(c3cc(C(F)(F)F)ccn3)N=C21,-6.533,pyridyl-CF3,thienopyrimidine,azetidine,fluoroacrylamide,408.4,0.566,0.2
gen_OCF3-p_7-deaz_azet_acryl,C=CC(=O)N1CC2CN=c3[nH]ccc3=C(c3ccc(OC(F)(F)F)cc3)N=C21,-6.527,OCF3-phenyl,7-deazapurine,azetidine,acrylamide,388.3,0.814,0.4
"gen_Cl,F-p_thieno_azet_acryl",C=CC(=O)N1CC2CN=c3sccc3=C(c3ccc(F)c(Cl)c3)N=C21,-6.524,"Cl,F-phenyl",thienopyrimidine,azetidine,acrylamide,373.8,0.745,0.258
gen_pyridy_7-deaz_pipe_propi,C#CC(=O)N1CCC2CCN=c3[nH]ccc3=C(c3cc(C(F)(F)F)ccn3)N=C21,-6.52,pyridyl-CF3,7-deazapurine,piperidine,propiolamide,399.4,0.738,0.175
gen_SF5-ph_9Me-pu_pyrr_fluor,C=C(F)C(=O)N1CCC2CN=c3c(ncn3C)=C(c3ccc(S(F)(F)(F)(F)F)cc3)N=C21,-6.51,SF5-phenyl,9Me-purine,pyrrolidine,fluoroacrylamide,477.4,0.501,0.258
gen_CF3-ph_7-deaz_azet_acety,CC(=O)N1CC2CN=c3[nH]ccc3=C(c3ccc(C(F)(F)F)cc3)N=C21,-6.508,CF3-phenyl,7-deazapurine,azetidine,acetyl,360.3,0.827,0.213
gen_OCHF2-_7-deaz_pyrr_cyclo,O=C(C1CC1)N1CCC2CN=c3[nH]ccc3=C(c3ccc(OC(F)F)cc3)N=C21,-6.505,OCHF2-phenyl,7-deazapurine,pyrrolidine,cyclopropanecarbonyl,398.4,0.857,0.208
gen_OCHF2-_thieno_pipe_cyclo,O=C(C1CC1)N1CCC2CCN=c3sccc3=C(c3ccc(OC(F)F)cc3)N=C21,-6.505,OCHF2-phenyl,thienopyrimidine,piperidine,cyclopropanecarbonyl,429.5,0.75,0.206
gen_OCHF2-_7-deaz_azet_fluor,C=C(F)C(=O)N1CC2CN=c3[nH]ccc3=C(c3ccc(OC(F)F)cc3)N=C21,-6.501,OCHF2-phenyl,7-deazapurine,azetidine,fluoroacrylamide,388.3,0.811,0.217
gen_SF5-ph_7-deaz_pyrr_fluor,C=C(F)C(=O)N1CCC2CN=c3[nH]ccc3=C(c3ccc(S(F)(F)(F)(F)F)cc3)N=C21,-6.5,SF5-phenyl,7-deazapurine,pyrrolidine,fluoroacrylamide,462.4,0.54,0.186
gen_CN-phe_7-deaz_azet_fluor,C=C(F)C(=O)N1CC2CN=c3[nH]ccc3=C(c3ccc(C#N)cc3)N=C21,-6.494,CN-phenyl,7-deazapurine,azetidine,fluoroacrylamide,347.4,0.823,0.183
"gen_Cl,F-p_9Me-pu_pyrr_cyclo",Cn1cnc2c1=NCC1CCN(C(=O)C3=CCC3)C1=NC=2c1ccc(F)c(Cl)c1,-6.491,"Cl,F-phenyl",9Me-purine,pyrrolidine,cyclobutenylamide,411.9,0.758,0.308
gen_CF3-ph_7-deaz_pyrr_cyclo,O=C(C1CC1)N1CCC2CN=c3[nH]ccc3=C(c3ccc(C(F)(F)F)cc3)N=C21,-6.49,CF3-phenyl,7-deazapurine,pyrrolidine,cyclopropanecarbonyl,400.4,0.827,0.202
gen_SF5-ph_9Me-pu_azet_propi,C#CC(=O)N1CC2CN=c3c(ncn3C)=C(c3ccc(S(F)(F)(F)(F)F)cc3)N=C21,-6.483,SF5-phenyl,9Me-purine,azetidine,propiolamide,443.4,0.529,0.242
gen_OCF3-p_7-deaz_azet_acety,CC(=O)N1CC2CN=c3[nH]ccc3=C(c3ccc(OC(F)(F)F)cc3)N=C21,-6.48,OCF3-phenyl,7-deazapurine,azetidine,acetyl,376.3,0.865,0.321
gen_OCF3-p_7-deaz_azet_cyclo,O=C(C1CC1)N1CC2CN=c3[nH]ccc3=C(c3ccc(OC(F)(F)F)cc3)N=C21,-6.479,OCF3-phenyl,7-deazapurine,azetidine,cyclopropanecarbonyl,402.4,0.853,0.306
gen_OCHF2-_7-deaz_azet_cyclo,O=C(C1=CCC1)N1CC2CN=c3[nH]ccc3=C(c3ccc(OC(F)F)cc3)N=C21,-6.478,OCHF2-phenyl,7-deazapurine,azetidine,cyclobutenylamide,396.4,0.859,0.292
gen_biphen_7-deaz_pipe_acryl,C=CC(=O)N1CCC2CCN=c3[nH]ccc3=C(c3ccc(-c4ccccc4)cc3)N=C21,-6.475,biphenyl,7-deazapurine,piperidine,acrylamide,408.5,0.664,0.242
gen_biphen_9Me-pu_azet_cyclo,Cn1cnc2c1=NCC1CN(C(=O)C3CC3)C1=NC=2c1ccc(-c2ccccc2)cc1,-6.472,biphenyl,9Me-purine,azetidine,cyclopropanecarbonyl,409.5,0.665,0.239
gen_CF3-ph_thieno_azet_cyclo,O=C(C1=CCC1)N1CC2CN=c3sccc3=C(c3ccc(C(F)(F)F)cc3)N=C21,-6.471,CF3-phenyl,thienopyrimidine,azetidine,cyclobutenylamide,415.4,0.743,0.287
gen_biphen_9Me-pu_pyrr_acryl,C=CC(=O)N1CCC2CN=c3c(ncn3C)=C(c3ccc(-c4ccccc4)cc3)N=C21,-6.469,biphenyl,9Me-purine,pyrrolidine,acrylamide,409.5,0.623,0.326
gen_CF3-ph_7-deaz_pipe_acryl,C=CC(=O)N1CCC2CCN=c3[nH]ccc3=C(c3ccc(C(F)(F)F)cc3)N=C21,-6.461,CF3-phenyl,7-deazapurine,piperidine,acrylamide,400.4,0.775,0.275
"gen_Cl,F-p_thieno_pyrr_fluor",C=C(F)C(=O)N1CCC2CN=c3sccc3=C(c3ccc(F)c(Cl)c3)N=C21,-6.461,"Cl,F-phenyl",thienopyrimidine,pyrrolidine,fluoroacrylamide,405.9,0.708,0.18
gen_OCF3-p_thieno_azet_acety,CC(=O)N1CC2CN=c3sccc3=C(c3ccc(OC(F)(F)F)cc3)N=C21,-6.457,OCF3-phenyl,thienopyrimidine,azetidine,acetyl,393.4,0.786,0.329
gen_biphen_9Me-pu_pyrr_cyclo,Cn1cnc2c1=NCC1CCN(C(=O)C3=CCC3)C1=NC=2c1ccc(-c2ccccc2)cc1,-6.444,biphenyl,9Me-purine,pyrrolidine,cyclobutenylamide,435.5,0.635,0.314
gen_OCHF2-_7-deaz_azet_acryl,C=CC(=O)N1CC2CN=c3[nH]ccc3=C(c3ccc(OC(F)F)cc3)N=C21,-6.439,OCHF2-phenyl,7-deazapurine,azetidine,acrylamide,370.4,0.828,0.287
gen_CF3-ph_9Me-pu_pipe_propi,C#CC(=O)N1CCC2CCN=c3c(ncn3C)=C(c3ccc(C(F)(F)F)cc3)N=C21,-6.437,CF3-phenyl,9Me-purine,piperidine,propiolamide,413.4,0.666,0.269
gen_biphen_9Me-pu_azet_acryl,C=CC(=O)N1CC2CN=c3c(ncn3C)=C(c3ccc(-c4ccccc4)cc3)N=C21,-6.437,biphenyl,9Me-purine,azetidine,acrylamide,395.5,0.636,0.317
"gen_Cl,F-p_9Me-pu_azet_acryl",C=CC(=O)N1CC2CN=c3c(ncn3C)=C(c3ccc(F)c(Cl)c3)N=C21,-6.421,"Cl,F-phenyl",9Me-purine,azetidine,acrylamide,371.8,0.741,0.31
gen_pyridy_thieno_pyrr_acety,CC(=O)N1CCC2CN=c3sccc3=C(c3cc(C(F)(F)F)ccn3)N=C21,-6.417,pyridyl-CF3,thienopyrimidine,pyrrolidine,acetyl,392.4,0.747,0.194
gen_CN-phe_thieno_pyrr_cyclo,N#Cc1ccc(C2=c3ccsc3=NCC3CCN(C(=O)C4CC4)C3=N2)cc1,-6.407,CN-phenyl,thienopyrimidine,pyrrolidine,cyclopropanecarbonyl,374.5,0.807,0.165
gen_biphen_7-deaz_pyrr_propi,C#CC(=O)N1CCC2CN=c3[nH]ccc3=C(c3ccc(-c4ccccc4)cc3)N=C21,-6.406,biphenyl,7-deazapurine,pyrrolidine,propiolamide,392.5,0.669,0.167
gen_CF3-ph_thieno_pipe_cyclo,O=C(C1CC1)N1CCC2CCN=c3sccc3=C(c3ccc(C(F)(F)F)cc3)N=C21,-6.403,CF3-phenyl,thienopyrimidine,piperidine,cyclopropanecarbonyl,431.5,0.717,0.2
gen_CN-phe_thieno_pyrr_fluor,C=C(F)C(=O)N1CCC2CN=c3sccc3=C(c3ccc(C#N)cc3)N=C21,-6.402,CN-phenyl,thienopyrimidine,pyrrolidine,fluoroacrylamide,378.4,0.752,0.184
gen_OCF3-p_7-deaz_pyrr_fluor,C=C(F)C(=O)N1CCC2CN=c3[nH]ccc3=C(c3ccc(OC(F)(F)F)cc3)N=C21,-6.392,OCF3-phenyl,7-deazapurine,pyrrolidine,fluoroacrylamide,420.4,0.612,0.311
"gen_Cl,F-p_7-deaz_pipe_fluor",C=C(F)C(=O)N1CCC2CCN=c3[nH]ccc3=C(c3ccc(F)c(Cl)c3)N=C21,-6.38,"Cl,F-phenyl",7-deazapurine,piperidine,fluoroacrylamide,402.8,0.771,0.178
gen_pyridy_9Me-pu_azet_cyclo,Cn1cnc2c1=NCC1CN(C(=O)C3=CCC3)C1=NC=2c1cc(C(F)(F)F)ccn1,-6.379,pyridyl-CF3,9Me-purine,azetidine,cyclobutenylamide,414.4,0.741,0.326
gen_SF5-ph_7-deaz_pipe_fluor,C=C(F)C(=O)N1CCC2CCN=c3[nH]ccc3=C(c3ccc(S(F)(F)(F)(F)F)cc3)N=C21,-6.376,SF5-phenyl,7-deazapurine,piperidine,fluoroacrylamide,476.4,0.512,0.184
gen_biphen_thieno_pyrr_cyclo,O=C(C1CC1)N1CCC2CN=c3sccc3=C(c3ccc(-c4ccccc4)cc3)N=C21,-6.366,biphenyl,thienopyrimidine,pyrrolidine,cyclopropanecarbonyl,425.6,0.628,0.17
gen_CN-phe_7-deaz_pipe_cyclo,N#Cc1ccc(C2=c3cc[nH]c3=NCCC3CCN(C(=O)C4=CCC4)C3=N2)cc1,-6.359,CN-phenyl,7-deazapurine,piperidine,cyclobutenylamide,383.5,0.861,0.221
"gen_Cl,F-p_9Me-pu_pipe_fluor",C=C(F)C(=O)N1CCC2CCN=c3c(ncn3C)=C(c3ccc(F)c(Cl)c3)N=C21,-6.346,"Cl,F-phenyl",9Me-purine,piperidine,fluoroacrylamide,417.8,0.703,0.247
gen_SF5-ph_thieno_pyrr_cyclo,O=C(C1CC1)N1CCC2CN=c3sccc3=C(c3ccc(S(F)(F)(F)(F)F)cc3)N=C21,-6.344,SF5-phenyl,thienopyrimidine,pyrrolidine,cyclopropanecarbonyl,475.5,0.586,0.177
gen_CN-phe_thieno_azet_fluor,C=C(F)C(=O)N1CC2CN=c3sccc3=C(c3ccc(C#N)cc3)N=C21,-6.333,CN-phenyl,thienopyrimidine,azetidine,fluoroacrylamide,364.4,0.762,0.196
"gen_Cl,F-p_9Me-pu_pyrr_cyclo",Cn1cnc2c1=NCC1CCN(C(=O)C3CC3)C1=NC=2c1ccc(F)c(Cl)c1,-6.333,"Cl,F-phenyl",9Me-purine,pyrrolidine,cyclopropanecarbonyl,399.9,0.771,0.242
gen_OCF3-p_7-deaz_pipe_cyclo,O=C(C1=CCC1)N1CCC2CCN=c3[nH]ccc3=C(c3ccc(OC(F)(F)F)cc3)N=C21,-6.329,OCF3-phenyl,7-deazapurine,piperidine,cyclobutenylamide,442.4,0.794,0.368
gen_CF3-ph_thieno_pyrr_fluor,C=C(F)C(=O)N1CCC2CN=c3sccc3=C(c3ccc(C(F)(F)F)cc3)N=C21,-6.324,CF3-phenyl,thienopyrimidine,pyrrolidine,fluoroacrylamide,421.4,0.542,0.211
gen_SF5-ph_9Me-pu_pipe_fluor,C=C(F)C(=O)N1CCC2CCN=c3c(ncn3C)=C(c3ccc(S(F)(F)(F)(F)F)cc3)N=C21,-6.32,SF5-phenyl,9Me-purine,piperidine,fluoroacrylamide,491.5,0.482,0.255
gen_pyridy_9Me-pu_pipe_acryl,C=CC(=O)N1CCC2CCN=c3c(ncn3C)=C(c3cc(C(F)(F)F)ccn3)N=C21,-6.31,pyridyl-CF3,9Me-purine,piperidine,acrylamide,416.4,0.696,0.312
gen_pyridy_9Me-pu_pipe_cyclo,Cn1cnc2c1=NCCC1CCN(C(=O)C3CC3)C1=NC=2c1cc(C(F)(F)F)ccn1,-6.31,pyridyl-CF3,9Me-purine,piperidine,cyclopropanecarbonyl,430.4,0.728,0.237
gen_pyridy_thieno_pyrr_propi,C#CC(=O)N1CCC2CN=c3sccc3=C(c3cc(C(F)(F)F)ccn3)N=C21,-6.309,pyridyl-CF3,thienopyrimidine,pyrrolidine,propiolamide,402.4,0.684,0.176
gen_biphen_thieno_azet_propi,C#CC(=O)N1CC2CN=c3sccc3=C(c3ccc(-c4ccccc4)cc3)N=C21,-6.307,biphenyl,thienopyrimidine,azetidine,propiolamide,395.5,0.616,0.178
gen_OCF3-p_thieno_pipe_cyclo,O=C(C1CC1)N1CCC2CCN=c3sccc3=C(c3ccc(OC(F)(F)F)cc3)N=C21,-6.303,OCF3-phenyl,thienopyrimidine,piperidine,cyclopropanecarbonyl,447.5,0.724,0.3
"gen_Cl,F-p_9Me-pu_pipe_cyclo",Cn1cnc2c1=NCCC1CCN(C(=O)C3=CCC3)C1=NC=2c1ccc(F)c(Cl)c1,-6.295,"Cl,F-phenyl",9Me-purine,piperidine,cyclobutenylamide,425.9,0.741,0.301
gen_CF3-ph_thieno_pyrr_cyclo,O=C(C1CC1)N1CCC2CN=c3sccc3=C(c3ccc(C(F)(F)F)cc3)N=C21,-6.294,CF3-phenyl,thienopyrimidine,pyrrolidine,cyclopropanecarbonyl,417.5,0.74,0.202
gen_OCHF2-_7-deaz_pipe_propi,C#CC(=O)N1CCC2CCN=c3[nH]ccc3=C(c3ccc(OC(F)F)cc3)N=C21,-6.29,OCHF2-phenyl,7-deazapurine,piperidine,propiolamide,396.4,0.802,0.202
gen_SF5-ph_9Me-pu_azet_cyclo,Cn1cnc2c1=NCC1CN(C(=O)C3CC3)C1=NC=2c1ccc(S(F)(F)(F)(F)F)cc1,-6.289,SF5-phenyl,9Me-purine,azetidine,cyclopropanecarbonyl,459.4,0.663,0.244
gen_CF3-ph_9Me-pu_azet_cyclo,Cn1cnc2c1=NCC1CN(C(=O)C3=CCC3)C1=NC=2c1ccc(C(F)(F)F)cc1,-6.287,CF3-phenyl,9Me-purine,azetidine,cyclobutenylamide,413.4,0.754,0.373
gen_biphen_thieno_pyrr_acety,CC(=O)N1CCC2CN=c3sccc3=C(c3ccc(-c4ccccc4)cc3)N=C21,-6.286,biphenyl,thienopyrimidine,pyrrolidine,acetyl,399.5,0.651,0.185
gen_CF3-ph_thieno_azet_fluor,C=C(F)C(=O)N1CC2CN=c3sccc3=C(c3ccc(C(F)(F)F)cc3)N=C21,-6.275,CF3-phenyl,thienopyrimidine,azetidine,fluoroacrylamide,407.4,0.558,0.225
gen_OCHF2-_thieno_azet_propi,C#CC(=O)N1CC2CN=c3sccc3=C(c3ccc(OC(F)F)cc3)N=C21,-6.272,OCHF2-phenyl,thienopyrimidine,azetidine,propiolamide,385.4,0.755,0.217
gen_pyridy_thieno_pipe_acryl,C=CC(=O)N1CCC2CCN=c3sccc3=C(c3cc(C(F)(F)F)ccn3)N=C21,-6.272,pyridyl-CF3,thienopyrimidine,piperidine,acrylamide,418.4,0.705,0.247
gen_SF5-ph_thieno_pipe_propi,C#CC(=O)N1CCC2CCN=c3sccc3=C(c3ccc(S(F)(F)(F)(F)F)cc3)N=C21,-6.267,SF5-phenyl,thienopyrimidine,piperidine,propiolamide,473.5,0.469,0.172
gen_SF5-ph_9Me-pu_azet_fluor,C=C(F)C(=O)N1CC2CN=c3c(ncn3C)=C(c3ccc(S(F)(F)(F)(F)F)cc3)N=C21,-6.263,SF5-phenyl,9Me-purine,azetidine,fluoroacrylamide,463.4,0.519,0.247
gen_pyridy_thieno_pyrr_fluor,C=C(F)C(=O)N1CCC2CN=c3sccc3=C(c3cc(C(F)(F)F)ccn3)N=C21,-6.262,pyridyl-CF3,thienopyrimidine,pyrrolidine,fluoroacrylamide,422.4,0.552,0.188
gen_OCF3-p_7-deaz_pyrr_acety,CC(=O)N1CCC2CN=c3[nH]ccc3=C(c3ccc(OC(F)(F)F)cc3)N=C21,-6.262,OCF3-phenyl,7-deazapurine,pyrrolidine,acetyl,390.4,0.852,0.322
gen_OCF3-p_thieno_pyrr_acryl,C=CC(=O)N1CCC2CN=c3sccc3=C(c3ccc(OC(F)(F)F)cc3)N=C21,-6.257,OCF3-phenyl,thienopyrimidine,pyrrolidine,acrylamide,419.4,0.719,0.39
gen_OCHF2-_7-deaz_pipe_fluor,C=C(F)C(=O)N1CCC2CCN=c3[nH]ccc3=C(c3ccc(OC(F)F)cc3)N=C21,-6.253,OCHF2-phenyl,7-deazapurine,piperidine,fluoroacrylamide,416.4,0.779,0.214
"gen_Cl,F-p_9Me-pu_pipe_propi",C#CC(=O)N1CCC2CCN=c3c(ncn3C)=C(c3ccc(F)c(Cl)c3)N=C21,-6.251,"Cl,F-phenyl",9Me-purine,piperidine,propiolamide,397.8,0.68,0.235
gen_CF3-ph_thieno_pyrr_propi,C#CC(=O)N1CCC2CN=c3sccc3=C(c3ccc(C(F)(F)F)cc3)N=C21,-6.239,CF3-phenyl,thienopyrimidine,pyrrolidine,propiolamide,401.4,0.677,0.198
gen_pyridy_thieno_pyrr_cyclo,O=C(C1CC1)N1CCC2CN=c3sccc3=C(c3cc(C(F)(F)F)ccn3)N=C21,-6.227,pyridyl-CF3,thienopyrimidine,pyrrolidine,cyclopropanecarbonyl,418.4,0.753,0.18
gen_CF3-ph_thieno_pyrr_cyclo,O=C(C1=CCC1)N1CCC2CN=c3sccc3=C(c3ccc(C(F)(F)F)cc3)N=C21,-6.216,CF3-phenyl,thienopyrimidine,pyrrolidine,cyclobutenylamide,429.5,0.721,0.267
gen_biphen_7-deaz_pipe_acety,CC(=O)N1CCC2CCN=c3[nH]ccc3=C(c3ccc(-c4ccccc4)cc3)N=C21,-6.213,biphenyl,7-deazapurine,piperidine,acetyl,396.5,0.711,0.183
gen_SF5-ph_thieno_pipe_acety,CC(=O)N1CCC2CCN=c3sccc3=C(c3ccc(S(F)(F)(F)(F)F)cc3)N=C21,-6.212,SF5-phenyl,thienopyrimidine,piperidine,acetyl,463.5,0.587,0.189
gen_OCHF2-_7-deaz_pyrr_acety,CC(=O)N1CCC2CN=c3[nH]ccc3=C(c3ccc(OC(F)F)cc3)N=C21,-6.21,OCHF2-phenyl,7-deazapurine,pyrrolidine,acetyl,372.4,0.891,0.223
gen_CF3-ph_9Me-pu_pyrr_cyclo,Cn1cnc2c1=NCC1CCN(C(=O)C3=CCC3)C1=NC=2c1ccc(C(F)(F)F)cc1,-6.197,CF3-phenyl,9Me-purine,pyrrolidine,cyclobutenylamide,427.4,0.738,0.349
gen_pyridy_7-deaz_pipe_cyclo,O=C(C1=CCC1)N1CCC2CCN=c3[nH]ccc3=C(c3cc(C(F)(F)F)ccn3)N=C21,-6.196,pyridyl-CF3,7-deazapurine,piperidine,cyclobutenylamide,427.4,0.8,0.235
gen_SF5-ph_9Me-pu_pipe_cyclo,Cn1cnc2c1=NCCC1CCN(C(=O)C3=CCC3)C1=NC=2c1ccc(S(F)(F)(F)(F)F)cc1,-6.183,SF5-phenyl,9Me-purine,piperidine,cyclobutenylamide,499.5,0.594,0.311
gen_CF3-ph_7-deaz_pipe_fluor,C=C(F)C(=O)N1CCC2CCN=c3[nH]ccc3=C(c3ccc(C(F)(F)F)cc3)N=C21,-6.179,CF3-phenyl,7-deazapurine,piperidine,fluoroacrylamide,418.4,0.592,0.208
gen_CN-phe_7-deaz_pyrr_cyclo,N#Cc1ccc(C2=c3cc[nH]c3=NCC3CCN(C(=O)C4=CCC4)C3=N2)cc1,-6.177,CN-phenyl,7-deazapurine,pyrrolidine,cyclobutenylamide,369.4,0.873,0.226
gen_pyridy_9Me-pu_pyrr_cyclo,Cn1cnc2c1=NCC1CCN(C(=O)C3=CCC3)C1=NC=2c1cc(C(F)(F)F)ccn1,-6.175,pyridyl-CF3,9Me-purine,pyrrolidine,cyclobutenylamide,428.4,0.729,0.304
gen_SF5-ph_thieno_pyrr_acety,CC(=O)N1CCC2CN=c3sccc3=C(c3ccc(S(F)(F)(F)(F)F)cc3)N=C21,-6.167,SF5-phenyl,thienopyrimidine,pyrrolidine,acetyl,449.5,0.625,0.191
gen_OCF3-p_thieno_pipe_cyclo,O=C(C1=CCC1)N1CCC2CCN=c3sccc3=C(c3ccc(OC(F)(F)F)cc3)N=C21,-6.165,OCF3-phenyl,thienopyrimidine,piperidine,cyclobutenylamide,459.5,0.701,0.368
gen_SF5-ph_9Me-pu_azet_acety,CC(=O)N1CC2CN=c3c(ncn3C)=C(c3ccc(S(F)(F)(F)(F)F)cc3)N=C21,-6.158,SF5-phenyl,9Me-purine,azetidine,acetyl,433.4,0.684,0.253
"gen_Cl,F-p_thieno_pyrr_acryl",C=CC(=O)N1CCC2CN=c3sccc3=C(c3ccc(F)c(Cl)c3)N=C21,-6.141,"Cl,F-phenyl",thienopyrimidine,pyrrolidine,acrylamide,387.9,0.731,0.242
gen_OCF3-p_thieno_azet_propi,C#CC(=O)N1CC2CN=c3sccc3=C(c3ccc(OC(F)(F)F)cc3)N=C21,-6.139,OCF3-phenyl,thienopyrimidine,azetidine,propiolamide,403.4,0.72,0.318
gen_CN-phe_9Me-pu_pyrr_cyclo,Cn1cnc2c1=NCC1CCN(C(=O)C3=CCC3)C1=NC=2c1ccc(C#N)cc1,-6.136,CN-phenyl,9Me-purine,pyrrolidine,cyclobutenylamide,384.4,0.775,0.303
gen_pyridy_9Me-pu_pipe_cyclo,Cn1cnc2c1=NCCC1CCN(C(=O)C3=CCC3)C1=NC=2c1cc(C(F)(F)F)ccn1,-6.134,pyridyl-CF3,9Me-purine,piperidine,cyclobutenylamide,442.4,0.714,0.298
"gen_Cl,F-p_9Me-pu_pyrr_acety",CC(=O)N1CCC2CN=c3c(ncn3C)=C(c3ccc(F)c(Cl)c3)N=C21,-6.131,"Cl,F-phenyl",9Me-purine,pyrrolidine,acetyl,373.8,0.755,0.247
gen_CF3-ph_7-deaz_pipe_cyclo,O=C(C1=CCC1)N1CCC2CCN=c3[nH]ccc3=C(c3ccc(C(F)(F)F)cc3)N=C21,-6.126,CF3-phenyl,7-deazapurine,piperidine,cyclobutenylamide,426.4,0.788,0.261
gen_OCHF2-_thieno_pyrr_propi,C#CC(=O)N1CCC2CN=c3sccc3=C(c3ccc(OC(F)F)cc3)N=C21,-6.123,OCHF2-phenyl,thienopyrimidine,pyrrolidine,propiolamide,399.4,0.742,0.204
gen_biphen_7-deaz_pipe_cyclo,O=C(C1=CCC1)N1CCC2CCN=c3[nH]ccc3=C(c3ccc(-c4ccccc4)cc3)N=C21,-6.117,biphenyl,7-deazapurine,piperidine,cyclobutenylamide,434.5,0.669,0.228
gen_biphen_thieno_pipe_propi,C#CC(=O)N1CCC2CCN=c3sccc3=C(c3ccc(-c4ccccc4)cc3)N=C21,-6.111,biphenyl,thienopyrimidine,piperidine,propiolamide,423.5,0.582,0.165
gen_CN-phe_7-deaz_pipe_cyclo,N#Cc1ccc(C2=c3cc[nH]c3=NCCC3CCN(C(=O)C4CC4)C3=N2)cc1,-6.105,CN-phenyl,7-deazapurine,piperidine,cyclopropanecarbonyl,371.4,0.872,0.163
gen_SF5-ph_9Me-pu_pyrr_cyclo,Cn1cnc2c1=NCC1CCN(C(=O)C3CC3)C1=NC=2c1ccc(S(F)(F)(F)(F)F)cc1,-6.102,SF5-phenyl,9Me-purine,pyrrolidine,cyclopropanecarbonyl,473.5,0.641,0.25
gen_pyridy_7-deaz_pipe_cyclo,O=C(C1CC1)N1CCC2CCN=c3[nH]ccc3=C(c3cc(C(F)(F)F)ccn3)N=C21,-6.099,pyridyl-CF3,7-deazapurine,piperidine,cyclopropanecarbonyl,415.4,0.817,0.178
gen_CF3-ph_thieno_pyrr_acety,CC(=O)N1CCC2CN=c3sccc3=C(c3ccc(C(F)(F)F)cc3)N=C21,-6.092,CF3-phenyl,thienopyrimidine,pyrrolidine,acetyl,391.4,0.737,0.217
"gen_Cl,F-p_thieno_pipe_cyclo",O=C(C1=CCC1)N1CCC2CCN=c3sccc3=C(c3ccc(F)c(Cl)c3)N=C21,-6.091,"Cl,F-phenyl",thienopyrimidine,piperidine,cyclobutenylamide,427.9,0.721,0.227
gen_biphen_thieno_pyrr_acryl,C=CC(=O)N1CCC2CN=c3sccc3=C(c3ccc(-c4ccccc4)cc3)N=C21,-6.089,biphenyl,thienopyrimidine,pyrrolidine,acrylamide,411.5,0.607,0.244
"gen_Cl,F-p_thieno_pipe_fluor",C=C(F)C(=O)N1CCC2CCN=c3sccc3=C(c3ccc(F)c(Cl)c3)N=C21,-6.086,"Cl,F-phenyl",thienopyrimidine,piperidine,fluoroacrylamide,419.9,0.688,0.178
"gen_Cl,F-p_9Me-pu_pyrr_acryl",C=CC(=O)N1CCC2CN=c3c(ncn3C)=C(c3ccc(F)c(Cl)c3)N=C21,-6.084,"Cl,F-phenyl",9Me-purine,pyrrolidine,acrylamide,385.8,0.734,0.319
gen_CN-phe_7-deaz_pyrr_cyclo,N#Cc1ccc(C2=c3cc[nH]c3=NCC3CCN(C(=O)C4CC4)C3=N2)cc1,-6.081,CN-phenyl,7-deazapurine,pyrrolidine,cyclopropanecarbonyl,357.4,0.879,0.165
gen_SF5-ph_thieno_pipe_cyclo,O=C(C1CC1)N1CCC2CCN=c3sccc3=C(c3ccc(S(F)(F)(F)(F)F)cc3)N=C21,-6.074,SF5-phenyl,thienopyrimidine,piperidine,cyclopropanecarbonyl,489.5,0.544,0.175
"gen_Cl,F-p_9Me-pu_azet_fluor",C=C(F)C(=O)N1CC2CN=c3c(ncn3C)=C(c3ccc(F)c(Cl)c3)N=C21,-6.066,"Cl,F-phenyl",9Me-purine,azetidine,fluoroacrylamide,389.8,0.728,0.239
gen_OCF3-p_9Me-pu_azet_cyclo,Cn1cnc2c1=NCC1CN(C(=O)C3=CCC3)C1=NC=2c1ccc(OC(F)(F)F)cc1,-6.062,OCF3-phenyl,9Me-purine,azetidine,cyclobutenylamide,429.4,0.746,0.487
gen_biphen_thieno_pipe_acryl,C=CC(=O)N1CCC2CCN=c3sccc3=C(c3ccc(-c4ccccc4)cc3)N=C21,-6.059,biphenyl,thienopyrimidine,piperidine,acrylamide,425.6,0.585,0.242
gen_OCHF2-_7-deaz_azet_acety,CC(=O)N1CC2CN=c3[nH]ccc3=C(c3ccc(OC(F)F)cc3)N=C21,-6.048,OCHF2-phenyl,7-deazapurine,azetidine,acetyl,358.3,0.898,0.22
gen_OCF3-p_7-deaz_pipe_acety,CC(=O)N1CCC2CCN=c3[nH]ccc3=C(c3ccc(OC(F)(F)F)cc3)N=C21,-6.045,OCF3-phenyl,7-deazapurine,piperidine,acetyl,404.4,0.835,0.318
gen_OCF3-p_9Me-pu_pyrr_fluor,C=C(F)C(=O)N1CCC2CN=c3c(ncn3C)=C(c3ccc(OC(F)(F)F)cc3)N=C21,-6.04,OCF3-phenyl,9Me-purine,pyrrolidine,fluoroacrylamide,435.4,0.546,0.384
gen_CF3-ph_thieno_azet_cyclo,O=C(C1CC1)N1CC2CN=c3sccc3=C(c3ccc(C(F)(F)F)cc3)N=C21,-6.037,CF3-phenyl,thienopyrimidine,azetidine,cyclopropanecarbonyl,403.4,0.761,0.216
gen_CN-phe_7-deaz_pyrr_fluor,C=C(F)C(=O)N1CCC2CN=c3[nH]ccc3=C(c3ccc(C#N)cc3)N=C21,-6.023,CN-phenyl,7-deazapurine,pyrrolidine,fluoroacrylamide,361.4,0.82,0.184
gen_CF3-ph_9Me-pu_pyrr_acety,CC(=O)N1CCC2CN=c3c(ncn3C)=C(c3ccc(C(F)(F)F)cc3)N=C21,-6.023,CF3-phenyl,9Me-purine,pyrrolidine,acetyl,389.4,0.742,0.284
gen_OCHF2-_thieno_pyrr_fluor,C=C(F)C(=O)N1CCC2CN=c3sccc3=C(c3ccc(OC(F)F)cc3)N=C21,-6.019,OCHF2-phenyl,thienopyrimidine,pyrrolidine,fluoroacrylamide,419.4,0.716,0.216
gen_CF3-ph_thieno_pipe_propi,C#CC(=O)N1CCC2CCN=c3sccc3=C(c3ccc(C(F)(F)F)cc3)N=C21,-6.01,CF3-phenyl,thienopyrimidine,piperidine,propiolamide,415.4,0.661,0.196
gen_CF3-ph_thieno_pipe_cyclo,O=C(C1=CCC1)N1CCC2CCN=c3sccc3=C(c3ccc(C(F)(F)F)cc3)N=C21,-6.008,CF3-phenyl,thienopyrimidine,piperidine,cyclobutenylamide,443.5,0.694,0.261
gen_pyridy_thieno_pipe_propi,C#CC(=O)N1CCC2CCN=c3sccc3=C(c3cc(C(F)(F)F)ccn3)N=C21,-6.007,pyridyl-CF3,thienopyrimidine,piperidine,propiolamide,416.4,0.67,0.175
gen_pyridy_9Me-pu_pipe_acety,CC(=O)N1CCC2CCN=c3c(ncn3C)=C(c3cc(C(F)(F)F)ccn3)N=C21,-6.007,pyridyl-CF3,9Me-purine,piperidine,acetyl,404.4,0.719,0.242
gen_CF3-ph_thieno_pyrr_acryl,C=CC(=O)N1CCC2CN=c3sccc3=C(c3ccc(C(F)(F)F)cc3)N=C21,-6.005,CF3-phenyl,thienopyrimidine,pyrrolidine,acrylamide,403.4,0.711,0.278
gen_OCHF2-_thieno_pyrr_cyclo,O=C(C1=CCC1)N1CCC2CN=c3sccc3=C(c3ccc(OC(F)F)cc3)N=C21,-6.002,OCHF2-phenyl,thienopyrimidine,pyrrolidine,cyclobutenylamide,427.5,0.753,0.272
gen_OCHF2-_thieno_azet_acryl,C=CC(=O)N1CC2CN=c3sccc3=C(c3ccc(OC(F)F)cc3)N=C21,-6.002,OCHF2-phenyl,thienopyrimidine,azetidine,acrylamide,387.4,0.756,0.302
gen_OCF3-p_7-deaz_pipe_propi,C#CC(=O)N1CCC2CCN=c3[nH]ccc3=C(c3ccc(OC(F)(F)F)cc3)N=C21,-5.998,OCF3-phenyl,7-deazapurine,piperidine,propiolamide,414.4,0.764,0.293
gen_SF5-ph_9Me-pu_pyrr_acryl,C=CC(=O)N1CCC2CN=c3c(ncn3C)=C(c3ccc(S(F)(F)(F)(F)F)cc3)N=C21,-5.998,SF5-phenyl,9Me-purine,pyrrolidine,acrylamide,459.4,0.522,0.33
gen_OCHF2-_7-deaz_pipe_acryl,C=CC(=O)N1CCC2CCN=c3[nH]ccc3=C(c3ccc(OC(F)F)cc3)N=C21,-5.997,OCHF2-phenyl,7-deazapurine,piperidine,acrylamide,398.4,0.803,0.28
gen_pyridy_9Me-pu_pipe_fluor,C=C(F)C(=O)N1CCC2CCN=c3c(ncn3C)=C(c3cc(C(F)(F)F)ccn3)N=C21,-5.991,pyridyl-CF3,9Me-purine,piperidine,fluoroacrylamide,434.4,0.534,0.245
gen_OCHF2-_thieno_pyrr_acety,CC(=O)N1CCC2CN=c3sccc3=C(c3ccc(OC(F)F)cc3)N=C21,-5.989,OCHF2-phenyl,thienopyrimidine,pyrrolidine,acetyl,389.4,0.81,0.223
gen_OCF3-p_thieno_azet_acryl,C=CC(=O)N1CC2CN=c3sccc3=C(c3ccc(OC(F)(F)F)cc3)N=C21,-5.987,OCF3-phenyl,thienopyrimidine,azetidine,acrylamide,405.4,0.737,0.418
gen_pyridy_9Me-pu_pyrr_cyclo,Cn1cnc2c1=NCC1CCN(C(=O)C3CC3)C1=NC=2c1cc(C(F)(F)F)ccn1,-5.977,pyridyl-CF3,9Me-purine,pyrrolidine,cyclopropanecarbonyl,416.4,0.74,0.24
gen_CF3-ph_7-deaz_pipe_acety,CC(=O)N1CCC2CCN=c3[nH]ccc3=C(c3ccc(C(F)(F)F)cc3)N=C21,-5.975,CF3-phenyl,7-deazapurine,piperidine,acetyl,388.4,0.802,0.215
gen_OCHF2-_7-deaz_pyrr_fluor,C=C(F)C(=O)N1CCC2CN=c3[nH]ccc3=C(c3ccc(OC(F)F)cc3)N=C21,-5.972,OCHF2-phenyl,7-deazapurine,pyrrolidine,fluoroacrylamide,402.4,0.797,0.216
gen_biphen_7-deaz_pipe_cyclo,O=C(C1CC1)N1CCC2CCN=c3[nH]ccc3=C(c3ccc(-c4ccccc4)cc3)N=C21,-5.969,biphenyl,7-deazapurine,piperidine,cyclopropanecarbonyl,422.5,0.69,0.168
gen_OCHF2-_9Me-pu_azet_cyclo,Cn1cnc2c1=NCC1CN(C(=O)C3=CCC3)C1=NC=2c1ccc(OC(F)F)cc1,-5.968,OCHF2-phenyl,9Me-purine,azetidine,cyclobutenylamide,411.4,0.763,0.376
"gen_Cl,F-p_thieno_pipe_cyclo",O=C(C1CC1)N1CCC2CCN=c3sccc3=C(c3ccc(F)c(Cl)c3)N=C21,-5.966,"Cl,F-phenyl",thienopyrimidine,piperidine,cyclopropanecarbonyl,415.9,0.741,0.17
"gen_Cl,F-p_7-deaz_pipe_acryl",C=CC(=O)N1CCC2CCN=c3[nH]ccc3=C(c3ccc(F)c(Cl)c3)N=C21,-5.96,"Cl,F-phenyl",7-deazapurine,piperidine,acrylamide,384.8,0.794,0.24
gen_CN-phe_thieno_pyrr_cyclo,N#Cc1ccc(C2=c3ccsc3=NCC3CCN(C(=O)C4=CCC4)C3=N2)cc1,-5.95,CN-phenyl,thienopyrimidine,pyrrolidine,cyclobutenylamide,386.5,0.795,0.226
gen_SF5-ph_thieno_pyrr_fluor,C=C(F)C(=O)N1CCC2CN=c3sccc3=C(c3ccc(S(F)(F)(F)(F)F)cc3)N=C21,-5.939,SF5-phenyl,thienopyrimidine,pyrrolidine,fluoroacrylamide,479.5,0.455,0.186
gen_OCF3-p_thieno_pyrr_acety,CC(=O)N1CCC2CN=c3sccc3=C(c3ccc(OC(F)(F)F)cc3)N=C21,-5.935,OCF3-phenyl,thienopyrimidine,pyrrolidine,acetyl,407.4,0.769,0.322
gen_OCF3-p_9Me-pu_pyrr_cyclo,Cn1cnc2c1=NCC1CCN(C(=O)C3=CCC3)C1=NC=2c1ccc(OC(F)(F)F)cc1,-5.935,OCF3-phenyl,9Me-purine,pyrrolidine,cyclobutenylamide,443.4,0.729,0.457
gen_CF3-ph_7-deaz_pipe_cyclo,O=C(C1CC1)N1CCC2CCN=c3[nH]ccc3=C(c3ccc(C(F)(F)F)cc3)N=C21,-5.934,CF3-phenyl,7-deazapurine,piperidine,cyclopropanecarbonyl,414.4,0.807,0.2
"gen_Cl,F-p_thieno_pipe_propi",C#CC(=O)N1CCC2CCN=c3sccc3=C(c3ccc(F)c(Cl)c3)N=C21,-5.933,"Cl,F-phenyl",thienopyrimidine,piperidine,propiolamide,399.9,0.68,0.167
gen_pyridy_9Me-pu_pyrr_acryl,C=CC(=O)N1CCC2CN=c3c(ncn3C)=C(c3cc(C(F)(F)F)ccn3)N=C21,-5.924,pyridyl-CF3,9Me-purine,pyrrolidine,acrylamide,402.4,0.705,0.315
gen_OCHF2-_9Me-pu_pipe_acety,CC(=O)N1CCC2CCN=c3c(ncn3C)=C(c3ccc(OC(F)F)cc3)N=C21,-5.921,OCHF2-phenyl,9Me-purine,piperidine,acetyl,401.4,0.782,0.286
gen_OCF3-p_thieno_pipe_acety,CC(=O)N1CCC2CCN=c3sccc3=C(c3ccc(OC(F)(F)F)cc3)N=C21,-5.921,OCF3-phenyl,thienopyrimidine,piperidine,acetyl,421.4,0.748,0.318
gen_OCHF2-_thieno_pyrr_acryl,C=CC(=O)N1CCC2CN=c3sccc3=C(c3ccc(OC(F)F)cc3)N=C21,-5.918,OCHF2-phenyl,thienopyrimidine,pyrrolidine,acrylamide,401.4,0.74,0.283
gen_OCHF2-_thieno_azet_acety,CC(=O)N1CC2CN=c3sccc3=C(c3ccc(OC(F)F)cc3)N=C21,-5.911,OCHF2-phenyl,thienopyrimidine,azetidine,acetyl,375.4,0.824,0.225
gen_CN-phe_thieno_pipe_cyclo,N#Cc1ccc(C2=c3ccsc3=NCCC3CCN(C(=O)C4=CCC4)C3=N2)cc1,-5.903,CN-phenyl,thienopyrimidine,piperidine,cyclobutenylamide,400.5,0.778,0.221
gen_SF5-ph_9Me-pu_pipe_propi,C#CC(=O)N1CCC2CCN=c3c(ncn3C)=C(c3ccc(S(F)(F)(F)(F)F)cc3)N=C21,-5.901,SF5-phenyl,9Me-purine,piperidine,propiolamide,471.5,0.499,0.242
gen_CF3-ph_thieno_pipe_fluor,C=C(F)C(=O)N1CCC2CCN=c3sccc3=C(c3ccc(C(F)(F)F)cc3)N=C21,-5.892,CF3-phenyl,thienopyrimidine,piperidine,fluoroacrylamide,435.4,0.524,0.208
gen_CF3-ph_9Me-pu_pyrr_acryl,C=CC(=O)N1CCC2CN=c3c(ncn3C)=C(c3ccc(C(F)(F)F)cc3)N=C21,-5.879,CF3-phenyl,9Me-purine,pyrrolidine,acrylamide,401.4,0.719,0.36
gen_OCF3-p_9Me-pu_pipe_acety,CC(=O)N1CCC2CCN=c3c(ncn3C)=C(c3ccc(OC(F)(F)F)cc3)N=C21,-5.875,OCF3-phenyl,9Me-purine,piperidine,acetyl,419.4,0.745,0.381
gen_CF3-ph_9Me-pu_azet_fluor,C=C(F)C(=O)N1CC2CN=c3c(ncn3C)=C(c3ccc(C(F)(F)F)cc3)N=C21,-5.862,CF3-phenyl,9Me-purine,azetidine,fluoroacrylamide,405.4,0.563,0.276
gen_biphen_thieno_pipe_fluor,C=C(F)C(=O)N1CCC2CCN=c3sccc3=C(c3ccc(-c4ccccc4)cc3)N=C21,-5.847,biphenyl,thienopyrimidine,piperidine,fluoroacrylamide,443.5,0.556,0.188
gen_biphen_thieno_azet_fluor,C=C(F)C(=O)N1CC2CN=c3sccc3=C(c3ccc(-c4ccccc4)cc3)N=C21,-5.845,biphenyl,thienopyrimidine,azetidine,fluoroacrylamide,415.5,0.604,0.202
gen_biphen_thieno_pipe_cyclo,O=C(C1CC1)N1CCC2CCN=c3sccc3=C(c3ccc(-c4ccccc4)cc3)N=C21,-5.841,biphenyl,thienopyrimidine,piperidine,cyclopropanecarbonyl,439.6,0.602,0.168
gen_CF3-ph_9Me-pu_pipe_fluor,C=C(F)C(=O)N1CCC2CCN=c3c(ncn3C)=C(c3ccc(C(F)(F)F)cc3)N=C21,-5.838,CF3-phenyl,9Me-purine,piperidine,fluoroacrylamide,433.4,0.539,0.283
gen_OCF3-p_thieno_azet_cyclo,O=C(C1=CCC1)N1CC2CN=c3sccc3=C(c3ccc(OC(F)(F)F)cc3)N=C21,-5.834,OCF3-phenyl,thienopyrimidine,azetidine,cyclobutenylamide,431.4,0.75,0.402
gen_CN-phe_7-deaz_pipe_fluor,C=C(F)C(=O)N1CCC2CCN=c3[nH]ccc3=C(c3ccc(C#N)cc3)N=C21,-5.833,CN-phenyl,7-deazapurine,piperidine,fluoroacrylamide,375.4,0.812,0.182
gen_CN-phe_thieno_azet_acety,CC(=O)N1CC2CN=c3sccc3=C(c3ccc(C#N)cc3)N=C21,-5.832,CN-phenyl,thienopyrimidine,azetidine,acetyl,334.4,0.788,0.178
gen_OCF3-p_9Me-pu_azet_fluor,C=C(F)C(=O)N1CC2CN=c3c(ncn3C)=C(c3ccc(OC(F)(F)F)cc3)N=C21,-5.828,OCF3-phenyl,9Me-purine,azetidine,fluoroacrylamide,421.4,0.557,0.378
gen_OCHF2-_thieno_azet_cyclo,O=C(C1=CCC1)N1CC2CN=c3sccc3=C(c3ccc(OC(F)F)cc3)N=C21,-5.827,OCHF2-phenyl,thienopyrimidine,azetidine,cyclobutenylamide,413.4,0.774,0.292
gen_OCHF2-_thieno_azet_fluor,C=C(F)C(=O)N1CC2CN=c3sccc3=C(c3ccc(OC(F)F)cc3)N=C21,-5.825,OCHF2-phenyl,thienopyrimidine,azetidine,fluoroacrylamide,405.4,0.734,0.231
gen_CF3-ph_9Me-pu_azet_cyclo,Cn1cnc2c1=NCC1CN(C(=O)C3CC3)C1=NC=2c1ccc(C(F)(F)F)cc1,-5.825,CF3-phenyl,9Me-purine,azetidine,cyclopropanecarbonyl,401.4,0.766,0.276
gen_CN-phe_thieno_pipe_cyclo,N#Cc1ccc(C2=c3ccsc3=NCCC3CCN(C(=O)C4CC4)C3=N2)cc1,-5.814,CN-phenyl,thienopyrimidine,piperidine,cyclopropanecarbonyl,388.5,0.793,0.163
gen_biphen_9Me-pu_pipe_acety,CC(=O)N1CCC2CCN=c3c(ncn3C)=C(c3ccc(-c4ccccc4)cc3)N=C21,-5.813,biphenyl,9Me-purine,piperidine,acetyl,411.5,0.651,0.247
gen_CN-phe_7-deaz_pyrr_acryl,C=CC(=O)N1CCC2CN=c3[nH]ccc3=C(c3ccc(C#N)cc3)N=C21,-5.813,CN-phenyl,7-deazapurine,pyrrolidine,acrylamide,343.4,0.829,0.237
gen_OCHF2-_thieno_pipe_propi,C#CC(=O)N1CCC2CCN=c3sccc3=C(c3ccc(OC(F)F)cc3)N=C21,-5.811,OCHF2-phenyl,thienopyrimidine,piperidine,propiolamide,413.4,0.726,0.202
gen_CN-phe_thieno_azet_cyclo,N#Cc1ccc(C2=c3ccsc3=NCC3CN(C(=O)C4CC4)C3=N2)cc1,-5.811,CN-phenyl,thienopyrimidine,azetidine,cyclopropanecarbonyl,360.4,0.818,0.174
gen_OCF3-p_9Me-pu_pipe_fluor,C=C(F)C(=O)N1CCC2CCN=c3c(ncn3C)=C(c3ccc(OC(F)(F)F)cc3)N=C21,-5.807,OCF3-phenyl,9Me-purine,piperidine,fluoroacrylamide,449.4,0.533,0.379
gen_biphen_thieno_pyrr_fluor,C=C(F)C(=O)N1CCC2CN=c3sccc3=C(c3ccc(-c4ccccc4)cc3)N=C21,-5.795,biphenyl,thienopyrimidine,pyrrolidine,fluoroacrylamide,429.5,0.582,0.189
gen_biphen_thieno_pipe_acety,CC(=O)N1CCC2CCN=c3sccc3=C(c3ccc(-c4ccccc4)cc3)N=C21,-5.795,biphenyl,thienopyrimidine,piperidine,acetyl,413.5,0.629,0.183
gen_CF3-ph_9Me-pu_pyrr_fluor,C=C(F)C(=O)N1CCC2CN=c3c(ncn3C)=C(c3ccc(C(F)(F)F)cc3)N=C21,-5.791,CF3-phenyl,9Me-purine,pyrrolidine,fluoroacrylamide,419.4,0.552,0.286
gen_CN-phe_7-deaz_pipe_acryl,C=CC(=O)N1CCC2CCN=c3[nH]ccc3=C(c3ccc(C#N)cc3)N=C21,-5.777,CN-phenyl,7-deazapurine,piperidine,acrylamide,357.4,0.826,0.234
gen_OCHF2-_9Me-pu_pipe_cyclo,Cn1cnc2c1=NCCC1CCN(C(=O)C3CC3)C1=NC=2c1ccc(OC(F)F)cc1,-5.775,OCHF2-phenyl,9Me-purine,piperidine,cyclopropanecarbonyl,427.5,0.748,0.28
gen_OCHF2-_9Me-pu_pipe_fluor,C=C(F)C(=O)N1CCC2CCN=c3c(ncn3C)=C(c3ccc(OC(F)F)cc3)N=C21,-5.774,OCHF2-phenyl,9Me-purine,piperidine,fluoroacrylamide,431.4,0.695,0.287
"gen_Cl,F-p_9Me-pu_pipe_cyclo",Cn1cnc2c1=NCCC1CCN(C(=O)C3CC3)C1=NC=2c1ccc(F)c(Cl)c1,-5.771,"Cl,F-phenyl",9Me-purine,piperidine,cyclopropanecarbonyl,413.9,0.756,0.24
gen_OCHF2-_7-deaz_pipe_acety,CC(=O)N1CCC2CCN=c3[nH]ccc3=C(c3ccc(OC(F)F)cc3)N=C21,-5.77,OCHF2-phenyl,7-deazapurine,piperidine,acetyl,386.4,0.877,0.221
gen_CN-phe_7-deaz_pipe_acety,CC(=O)N1CCC2CCN=c3[nH]ccc3=C(c3ccc(C#N)cc3)N=C21,-5.763,CN-phenyl,7-deazapurine,piperidine,acetyl,345.4,0.846,0.177
gen_OCF3-p_9Me-pu_pipe_cyclo,Cn1cnc2c1=NCCC1CCN(C(=O)C3=CCC3)C1=NC=2c1ccc(OC(F)(F)F)cc1,-5.757,OCF3-phenyl,9Me-purine,piperidine,cyclobutenylamide,457.5,0.711,0.446
gen_SF5-ph_9Me-pu_pyrr_acety,CC(=O)N1CCC2CN=c3c(ncn3C)=C(c3ccc(S(F)(F)(F)(F)F)cc3)N=C21,-5.752,SF5-phenyl,9Me-purine,pyrrolidine,acetyl,447.4,0.665,0.256
gen_OCF3-p_9Me-pu_pyrr_acryl,C=CC(=O)N1CCC2CN=c3c(ncn3C)=C(c3ccc(OC(F)(F)F)cc3)N=C21,-5.745,OCF3-phenyl,9Me-purine,pyrrolidine,acrylamide,417.4,0.712,0.469
gen_OCF3-p_9Me-pu_pipe_propi,C#CC(=O)N1CCC2CCN=c3c(ncn3C)=C(c3ccc(OC(F)(F)F)cc3)N=C21,-5.744,OCF3-phenyl,9Me-purine,piperidine,propiolamide,429.4,0.678,0.364
gen_OCHF2-_9Me-pu_pyrr_cyclo,Cn1cnc2c1=NCC1CCN(C(=O)C3CC3)C1=NC=2c1ccc(OC(F)F)cc1,-5.726,OCHF2-phenyl,9Me-purine,pyrrolidine,cyclopropanecarbonyl,413.4,0.762,0.283
gen_CF3-ph_9Me-pu_pipe_cyclo,Cn1cnc2c1=NCCC1CCN(C(=O)C3=CCC3)C1=NC=2c1ccc(C(F)(F)F)cc1,-5.719,CF3-phenyl,9Me-purine,piperidine,cyclobutenylamide,441.5,0.719,0.341
gen_CN-phe_thieno_pyrr_acryl,C=CC(=O)N1CCC2CN=c3sccc3=C(c3ccc(C#N)cc3)N=C21,-5.717,CN-phenyl,thienopyrimidine,pyrrolidine,acrylamide,360.4,0.767,0.237
gen_CF3-ph_9Me-pu_azet_acryl,C=CC(=O)N1CC2CN=c3c(ncn3C)=C(c3ccc(C(F)(F)F)cc3)N=C21,-5.712,CF3-phenyl,9Me-purine,azetidine,acrylamide,387.4,0.729,0.354
gen_biphen_9Me-pu_pyrr_fluor,C=C(F)C(=O)N1CCC2CN=c3c(ncn3C)=C(c3ccc(-c4ccccc4)cc3)N=C21,-5.708,biphenyl,9Me-purine,pyrrolidine,fluoroacrylamide,427.5,0.604,0.264
gen_CF3-ph_9Me-pu_pipe_acryl,C=CC(=O)N1CCC2CCN=c3c(ncn3C)=C(c3ccc(C(F)(F)F)cc3)N=C21,-5.701,CF3-phenyl,9Me-purine,piperidine,acrylamide,415.4,0.705,0.356
gen_OCF3-p_9Me-pu_azet_cyclo,Cn1cnc2c1=NCC1CN(C(=O)C3CC3)C1=NC=2c1ccc(OC(F)(F)F)cc1,-5.698,OCF3-phenyl,9Me-purine,azetidine,cyclopropanecarbonyl,417.4,0.758,0.373
gen_OCHF2-_9Me-pu_azet_cyclo,Cn1cnc2c1=NCC1CN(C(=O)C3CC3)C1=NC=2c1ccc(OC(F)F)cc1,-5.696,OCHF2-phenyl,9Me-purine,azetidine,cyclopropanecarbonyl,399.4,0.772,0.278
gen_CN-phe_9Me-pu_pipe_cyclo,Cn1cnc2c1=NCCC1CCN(C(=O)C3CC3)C1=NC=2c1ccc(C#N)cc1,-5.696,CN-phenyl,9Me-purine,piperidine,cyclopropanecarbonyl,386.5,0.775,0.234
gen_CN-phe_thieno_pyrr_acety,CC(=O)N1CCC2CN=c3sccc3=C(c3ccc(C#N)cc3)N=C21,-5.695,CN-phenyl,thienopyrimidine,pyrrolidine,acetyl,348.4,0.787,0.179
gen_OCHF2-_9Me-pu_azet_fluor,C=C(F)C(=O)N1CC2CN=c3c(ncn3C)=C(c3ccc(OC(F)F)cc3)N=C21,-5.694,OCHF2-phenyl,9Me-purine,azetidine,fluoroacrylamide,403.4,0.719,0.281
gen_pyridy_thieno_pipe_cyclo,O=C(C1CC1)N1CCC2CCN=c3sccc3=C(c3cc(C(F)(F)F)ccn3)N=C21,-5.692,pyridyl-CF3,thienopyrimidine,piperidine,cyclopropanecarbonyl,432.5,0.733,0.178
gen_OCF3-p_9Me-pu_azet_acryl,C=CC(=O)N1CC2CN=c3c(ncn3C)=C(c3ccc(OC(F)(F)F)cc3)N=C21,-5.691,OCF3-phenyl,9Me-purine,azetidine,acrylamide,403.4,0.722,0.468
gen_OCF3-p_9Me-pu_pyrr_cyclo,Cn1cnc2c1=NCC1CCN(C(=O)C3CC3)C1=NC=2c1ccc(OC(F)(F)F)cc1,-5.679,OCF3-phenyl,9Me-purine,pyrrolidine,cyclopropanecarbonyl,431.4,0.744,0.376
gen_pyridy_thieno_pipe_acety,CC(=O)N1CCC2CCN=c3sccc3=C(c3cc(C(F)(F)F)ccn3)N=C21,-5.675,pyridyl-CF3,thienopyrimidine,piperidine,acetyl,406.4,0.731,0.192
gen_CF3-ph_9Me-pu_pipe_cyclo,Cn1cnc2c1=NCCC1CCN(C(=O)C3CC3)C1=NC=2c1ccc(C(F)(F)F)cc1,-5.673,CF3-phenyl,9Me-purine,piperidine,cyclopropanecarbonyl,429.4,0.735,0.275
gen_biphen_9Me-pu_pipe_propi,C#CC(=O)N1CCC2CCN=c3c(ncn3C)=C(c3ccc(-c4ccccc4)cc3)N=C21,-5.666,biphenyl,9Me-purine,piperidine,propiolamide,421.5,0.596,0.237
gen_OCF3-p_7-deaz_pipe_cyclo,O=C(C1CC1)N1CCC2CCN=c3[nH]ccc3=C(c3ccc(OC(F)(F)F)cc3)N=C21,-5.662,OCF3-phenyl,7-deazapurine,piperidine,cyclopropanecarbonyl,430.4,0.814,0.3
gen_CN-phe_thieno_pipe_propi,C#CC(=O)N1CCC2CCN=c3sccc3=C(c3ccc(C#N)cc3)N=C21,-5.66,CN-phenyl,thienopyrimidine,piperidine,propiolamide,372.5,0.715,0.162
gen_CN-phe_thieno_pipe_fluor,C=C(F)C(=O)N1CCC2CCN=c3sccc3=C(c3ccc(C#N)cc3)N=C21,-5.659,CN-phenyl,thienopyrimidine,piperidine,fluoroacrylamide,392.5,0.737,0.182
gen_OCHF2-_7-deaz_pipe_cyclo,O=C(C1=CCC1)N1CCC2CCN=c3[nH]ccc3=C(c3ccc(OC(F)F)cc3)N=C21,-5.653,OCHF2-phenyl,7-deazapurine,piperidine,cyclobutenylamide,424.5,0.82,0.266
gen_OCF3-p_7-deaz_pipe_fluor,C=C(F)C(=O)N1CCC2CCN=c3[nH]ccc3=C(c3ccc(OC(F)(F)F)cc3)N=C21,-5.643,OCF3-phenyl,7-deazapurine,piperidine,fluoroacrylamide,434.4,0.596,0.308
gen_OCF3-p_thieno_pipe_fluor,C=C(F)C(=O)N1CCC2CCN=c3sccc3=C(c3ccc(OC(F)(F)F)cc3)N=C21,-5.635,OCF3-phenyl,thienopyrimidine,piperidine,fluoroacrylamide,451.4,0.53,0.308
gen_OCHF2-_9Me-pu_pipe_acryl,C=CC(=O)N1CCC2CCN=c3c(ncn3C)=C(c3ccc(OC(F)F)cc3)N=C21,-5.628,OCHF2-phenyl,9Me-purine,piperidine,acrylamide,413.4,0.716,0.36
gen_biphen_9Me-pu_pipe_cyclo,Cn1cnc2c1=NCCC1CCN(C(=O)C3CC3)C1=NC=2c1ccc(-c2ccccc2)cc1,-5.626,biphenyl,9Me-purine,piperidine,cyclopropanecarbonyl,437.5,0.633,0.242
gen_CN-phe_9Me-pu_pipe_fluor,C=C(F)C(=O)N1CCC2CCN=c3c(ncn3C)=C(c3ccc(C#N)cc3)N=C21,-5.622,CN-phenyl,9Me-purine,piperidine,fluoroacrylamide,390.4,0.722,0.253
gen_CF3-ph_thieno_pipe_acety,CC(=O)N1CCC2CCN=c3sccc3=C(c3ccc(C(F)(F)F)cc3)N=C21,-5.614,CF3-phenyl,thienopyrimidine,piperidine,acetyl,405.4,0.719,0.215
gen_biphen_9Me-pu_azet_fluor,C=C(F)C(=O)N1CC2CN=c3c(ncn3C)=C(c3ccc(-c4ccccc4)cc3)N=C21,-5.612,biphenyl,9Me-purine,azetidine,fluoroacrylamide,413.5,0.618,0.253
gen_CN-phe_thieno_pipe_acety,CC(=O)N1CCC2CCN=c3sccc3=C(c3ccc(C#N)cc3)N=C21,-5.605,CN-phenyl,thienopyrimidine,piperidine,acetyl,362.5,0.779,0.177
gen_biphen_thieno_pipe_cyclo,O=C(C1=CCC1)N1CCC2CCN=c3sccc3=C(c3ccc(-c4ccccc4)cc3)N=C21,-5.594,biphenyl,thienopyrimidine,piperidine,cyclobutenylamide,451.6,0.576,0.228
gen_CF3-ph_9Me-pu_azet_acety,CC(=O)N1CC2CN=c3c(ncn3C)=C(c3ccc(C(F)(F)F)cc3)N=C21,-5.594,CF3-phenyl,9Me-purine,azetidine,acetyl,375.4,0.75,0.282
gen_OCHF2-_thieno_pyrr_cyclo,O=C(C1CC1)N1CCC2CN=c3sccc3=C(c3ccc(OC(F)F)cc3)N=C21,-5.593,OCHF2-phenyl,thienopyrimidine,pyrrolidine,cyclopropanecarbonyl,415.5,0.771,0.208
gen_CN-phe_9Me-pu_pipe_cyclo,Cn1cnc2c1=NCCC1CCN(C(=O)C3=CCC3)C1=NC=2c1ccc(C#N)cc1,-5.584,CN-phenyl,9Me-purine,piperidine,cyclobutenylamide,398.5,0.767,0.297
gen_OCHF2-_9Me-pu_pyrr_fluor,C=C(F)C(=O)N1CCC2CN=c3c(ncn3C)=C(c3ccc(OC(F)F)cc3)N=C21,-5.575,OCHF2-phenyl,9Me-purine,pyrrolidine,fluoroacrylamide,417.4,0.709,0.29
gen_OCHF2-_9Me-pu_pyrr_acryl,C=CC(=O)N1CCC2CN=c3c(ncn3C)=C(c3ccc(OC(F)F)cc3)N=C21,-5.559,OCHF2-phenyl,9Me-purine,pyrrolidine,acrylamide,399.4,0.727,0.364
gen_OCF3-p_9Me-pu_pipe_acryl,C=CC(=O)N1CCC2CCN=c3c(ncn3C)=C(c3ccc(OC(F)(F)F)cc3)N=C21,-5.554,OCF3-phenyl,9Me-purine,piperidine,acrylamide,431.4,0.698,0.463
gen_OCHF2-_7-deaz_pipe_cyclo,O=C(C1CC1)N1CCC2CCN=c3[nH]ccc3=C(c3ccc(OC(F)F)cc3)N=C21,-5.553,OCHF2-phenyl,7-deazapurine,piperidine,cyclopropanecarbonyl,412.4,0.838,0.206
gen_biphen_9Me-pu_pipe_acryl,C=CC(=O)N1CCC2CCN=c3c(ncn3C)=C(c3ccc(-c4ccccc4)cc3)N=C21,-5.552,biphenyl,9Me-purine,piperidine,acrylamide,423.5,0.608,0.322
"gen_Cl,F-p_thieno_pipe_acryl",C=CC(=O)N1CCC2CCN=c3sccc3=C(c3ccc(F)c(Cl)c3)N=C21,-5.541,"Cl,F-phenyl",thienopyrimidine,piperidine,acrylamide,401.9,0.713,0.24
gen_OCHF2-_thieno_pipe_cyclo,O=C(C1=CCC1)N1CCC2CCN=c3sccc3=C(c3ccc(OC(F)F)cc3)N=C21,-5.535,OCHF2-phenyl,thienopyrimidine,piperidine,cyclobutenylamide,441.5,0.729,0.266
gen_OCHF2-_9Me-pu_pipe_propi,C#CC(=O)N1CCC2CCN=c3c(ncn3C)=C(c3ccc(OC(F)F)cc3)N=C21,-5.515,OCHF2-phenyl,9Me-purine,piperidine,propiolamide,411.4,0.71,0.274
gen_CF3-ph_9Me-pu_pipe_acety,CC(=O)N1CCC2CCN=c3c(ncn3C)=C(c3ccc(C(F)(F)F)cc3)N=C21,-5.513,CF3-phenyl,9Me-purine,piperidine,acetyl,403.4,0.73,0.281
gen_OCF3-p_thieno_pipe_propi,C#CC(=O)N1CCC2CCN=c3sccc3=C(c3ccc(OC(F)(F)F)cc3)N=C21,-5.512,OCF3-phenyl,thienopyrimidine,piperidine,propiolamide,431.4,0.687,0.293
"gen_Cl,F-p_9Me-pu_pipe_acety",CC(=O)N1CCC2CCN=c3c(ncn3C)=C(c3ccc(F)c(Cl)c3)N=C21,-5.506,"Cl,F-phenyl",9Me-purine,piperidine,acetyl,387.8,0.747,0.245
gen_biphen_9Me-pu_pipe_fluor,C=C(F)C(=O)N1CCC2CCN=c3c(ncn3C)=C(c3ccc(-c4ccccc4)cc3)N=C21,-5.489,biphenyl,9Me-purine,piperidine,fluoroacrylamide,441.5,0.587,0.261
gen_OCHF2-_thieno_pipe_acety,CC(=O)N1CCC2CCN=c3sccc3=C(c3ccc(OC(F)F)cc3)N=C21,-5.481,OCHF2-phenyl,thienopyrimidine,piperidine,acetyl,403.5,0.791,0.221
gen_OCHF2-_9Me-pu_pyrr_acety,CC(=O)N1CCC2CN=c3c(ncn3C)=C(c3ccc(OC(F)F)cc3)N=C21,-5.476,OCHF2-phenyl,9Me-purine,pyrrolidine,acetyl,387.4,0.791,0.289
gen_OCF3-p_9Me-pu_pyrr_acety,CC(=O)N1CCC2CN=c3c(ncn3C)=C(c3ccc(OC(F)(F)F)cc3)N=C21,-5.464,OCF3-phenyl,9Me-purine,pyrrolidine,acetyl,405.4,0.758,0.386
gen_SF5-ph_9Me-pu_pipe_acety,CC(=O)N1CCC2CCN=c3c(ncn3C)=C(c3ccc(S(F)(F)(F)(F)F)cc3)N=C21,-5.464,SF5-phenyl,9Me-purine,piperidine,acetyl,461.5,0.643,0.253
"gen_Cl,F-p_9Me-pu_pipe_acryl",C=CC(=O)N1CCC2CCN=c3c(ncn3C)=C(c3ccc(F)c(Cl)c3)N=C21,-5.445,"Cl,F-phenyl",9Me-purine,piperidine,acrylamide,399.9,0.723,0.315
gen_CF3-ph_9Me-pu_pyrr_cyclo,Cn1cnc2c1=NCC1CCN(C(=O)C3CC3)C1=NC=2c1ccc(C(F)(F)F)cc1,-5.444,CF3-phenyl,9Me-purine,pyrrolidine,cyclopropanecarbonyl,415.4,0.752,0.278
"gen_Cl,F-p_9Me-pu_pyrr_fluor",C=C(F)C(=O)N1CCC2CN=c3c(ncn3C)=C(c3ccc(F)c(Cl)c3)N=C21,-5.426,"Cl,F-phenyl",9Me-purine,pyrrolidine,fluoroacrylamide,403.8,0.717,0.25
gen_biphen_9Me-pu_pipe_cyclo,Cn1cnc2c1=NCCC1CCN(C(=O)C3=CCC3)C1=NC=2c1ccc(-c2ccccc2)cc1,-5.418,biphenyl,9Me-purine,piperidine,cyclobutenylamide,449.6,0.616,0.307
gen_OCF3-p_7-deaz_pipe_acryl,C=CC(=O)N1CCC2CCN=c3[nH]ccc3=C(c3ccc(OC(F)(F)F)cc3)N=C21,-5.371,OCF3-phenyl,7-deazapurine,piperidine,acrylamide,416.4,0.782,0.384
gen_OCHF2-_thieno_pipe_acryl,C=CC(=O)N1CCC2CCN=c3sccc3=C(c3ccc(OC(F)F)cc3)N=C21,-5.359,OCHF2-phenyl,thienopyrimidine,piperidine,acrylamide,415.5,0.721,0.28
gen_OCF3-p_9Me-pu_pipe_cyclo,Cn1cnc2c1=NCCC1CCN(C(=O)C3CC3)C1=NC=2c1ccc(OC(F)(F)F)cc1,-5.352,OCF3-phenyl,9Me-purine,piperidine,cyclopropanecarbonyl,445.4,0.727,0.372
gen_OCHF2-_thieno_pipe_fluor,C=C(F)C(=O)N1CCC2CCN=c3sccc3=C(c3ccc(OC(F)F)cc3)N=C21,-5.323,OCHF2-phenyl,thienopyrimidine,piperidine,fluoroacrylamide,433.5,0.695,0.214
gen_CF3-ph_thieno_pipe_acryl,C=CC(=O)N1CCC2CCN=c3sccc3=C(c3ccc(C(F)(F)F)cc3)N=C21,-5.308,CF3-phenyl,thienopyrimidine,piperidine,acrylamide,417.5,0.691,0.275
gen_OCF3-p_thieno_pipe_acryl,C=CC(=O)N1CCC2CCN=c3sccc3=C(c3ccc(OC(F)(F)F)cc3)N=C21,-5.179,OCF3-phenyl,thienopyrimidine,piperidine,acrylamide,433.5,0.698,0.386
gen_OCHF2-_9Me-pu_pipe_cyclo,Cn1cnc2c1=NCCC1CCN(C(=O)C3=CCC3)C1=NC=2c1ccc(OC(F)F)cc1,-5.179,OCHF2-phenyl,9Me-purine,piperidine,cyclobutenylamide,439.5,0.733,0.344
gen_CN-phe_thieno_pipe_acryl,C=CC(=O)N1CCC2CCN=c3sccc3=C(c3ccc(C#N)cc3)N=C21,-5.055,CN-phenyl,thienopyrimidine,piperidine,acrylamide,374.5,0.757,0.234
